Organization Name,Founded Date,Headquarters Location,Headquarters City,Headquarters State,baden_wuerttemberg,bayern,berlin,brandenburg,bremen,hamburg,hessen,mecklenburg_vorpommern,niedersachsen,nordrhein_westfalen,rheinland_pfalz,saarland,sachsen,sachsen_anhalt,schleswig_holstein,thueringen,Industries,industry,industrials,information_technology,communication_services,real_estate,financials,consumer_discretionary,web3_blockchain,health_care,materials,consumer_staples,other,utilities,energy,Number of Employees,Number of Funding Rounds,Total Funding Amount,Last Funding Type,Last Funding Date,Last Funding Amount,Number of Investors,Number of Articles,Description,Cleaned Industry,Search Query,twitter,instagram,linkedin,ceo_connections,ceo_connections_dummy,Total Funding Currency,Total Funding Amount Clean,Last Funding Currency,Last Funding Amount Clean,fx,fx_source,fx_rate,total_funding,last_funding,age,funding_time_months,startup_stage,industry_clean,twitter_log,instagram_log,linkedin_log,ceo_connections_log,total_funding_log,articles_log,funding_time_months_log,age_log
beeBlum,2020-02-20,"Wiesloch, Baden-Wurttemberg,",Wiesloch,Baden-Wurttemberg,1,0,0,0,0,0,0,0,0,0,0,0,0,0,0,0,"B2B, Collaboration, Innovation Management,,,,",Industrials,1,0,0,0,0,0,0,0,0,0,0,0,0,1-10,1,"€200,000",Pre-Seed,2019-10-04,"€200,000",0.0,0.0,Ideation & Knowledge work framework for agile teams and corporations,B2B,beeBlum B2B startup website,0.0,0.0,0.0,0.0,0,€,200000.0,€,200000.0,1.12,historical,1.12,200000.0,200000.0,4,0,1,industrials,0.0,0.0,0.0,0.0,12.206077645517674,0.0,0.0,1.6094379124341003
meinAdmin,2020-01-01,"Leipzig, Sachsen, Germany",Leipzig,Sachsen,0,0,0,0,0,0,0,0,0,0,0,0,1,0,0,0,"Information Technology, Machine Learning,",Information Technology,0,1,0,0,0,0,0,0,0,0,0,0,0,11-50,1,"€280,000",Pre-Seed,2019-12-15,"€280,000",1.0,0.0,meinAdmin provides AI driven managed services.,Information Technology,meinAdmin Information Technology startup website,0.0,130.0,22.0,303.0,0,€,280000.0,€,280000.0,1.12,historical,1.12,280000.0,280000.0,5,0,1,information_technology,0.0,4.875197323201151,3.1354942159291497,5.717027701406222,12.54254845357358,0.0,0.0,1.791759469228055
boost,2020-01-01,"Munich, Bayern, Germany",Munich,Bayern,0,1,0,0,0,0,0,0,0,0,0,0,0,0,0,0,"AI, Computer Vision,,,,,",Information Technology,0,1,0,0,0,0,0,0,0,0,0,0,0,1-10,1,"€120,000",Pre-Seed,2020-01-01,"€120,000",0.0,0.0,ai based personal fitness assistant,AI,boost AI startup website,0.0,0.0,23000.0,500.0,1,€,120000.0,€,120000.0,1.12,historical,1.12,120000.0,120000.0,5,0,1,information_technology,0.0,0.0,10.043292972227004,6.2166061010848646,11.695255355062795,0.0,0.0,1.791759469228055
VAMOS.ai,2020-01-01,"Frankfurt, Hessen, Germany",Frankfurt,Hessen,0,0,0,0,0,0,1,0,0,0,0,0,0,0,0,0,"Analytics, AI,,",Information Technology,0,1,0,0,0,0,0,0,0,0,0,0,0,11-50,1,0.0,Seed,2020-01-01,0.0,1.0,0.0,VAMOS.ai offers video analytics and media optimization services.,Analytics,VAMOS.ai Analytics startup website,0.0,8.0,123.0,112.0,0,0.0,0.0,0.0,0.0,1.12,historical,1.12,0.0,0.0,5,0,2,information_technology,0.0,2.1972245773362196,4.820281565605037,4.727387818712341,0.0,0.0,0.0,1.791759469228055
Sanos Group,2020-01-01,"Berlin, Berlin, Germany",Berlin,Berlin,0,0,1,0,0,0,0,0,0,0,0,0,0,0,0,0,"Consumer Applications, Health Care",Information Technology,0,1,0,0,0,0,0,0,0,0,0,0,0,11-50,1,"€250,000",Pre-Seed,2020-01-07,"€250,000",0.0,0.0,Technology enabled smoking cessation platform,Consumer Applications,Sanos Group Consumer Applications startup website,0.0,0.0,135.0,363.0,0,€,250000.0,€,250000.0,1.12,historical,1.12,250000.0,250000.0,5,0,1,information_technology,0.0,0.0,4.912654885736052,5.8971538676367405,12.429220196836383,0.0,0.0,1.791759469228055
Samdock,2020-01-01,"Munich, Bayern, Germany",Munich,Bayern,0,1,0,0,0,0,0,0,0,0,0,0,0,0,0,0,"Apps, CRM, Machine Learning,,,,",Information Technology,0,1,0,0,0,0,0,0,0,0,0,0,0,11-50,1,"€1,500,000",Seed,2020-02-01,"€1,500,000",1.0,1.0,"Samdock is a SaaS vendor for Sales Automation, Lead Management and CRM focused on the SMB market",Apps,Samdock Apps startup website,0.0,0.0,2000.0,500.0,1,€,1500000.0,€,1500000.0,1.11,historical,1.11,1500000.0,1500000.0,5,1,2,information_technology,0.0,0.0,7.601402334583733,6.2166061010848646,14.220976332738882,0.6931471805599453,0.6931471805599453,1.791759469228055
Terranigma Solutions,2020-03-01,"Aachen, Nordrhein-Westfalen,",Aachen,Nordrhein-Westfalen,0,0,0,0,0,0,0,0,0,1,0,0,0,0,0,0,Machine Learning,Information Technology,0,1,0,0,0,0,0,0,0,0,0,0,0,1-10,1,"€30,000",Pre-Seed,2020-03-01,"€30,000",1.0,0.0,We bring your geological understanding to the next level.,Machine Learning,Terranigma Solutions Machine Learning startup website,107.0,0.0,754.0,500.0,1,€,30000.0,€,30000.0,1.11,historical,1.11,30000.0,30000.0,4,0,1,information_technology,4.68213122712422,0.0,6.626717749249025,6.2166061010848646,10.308985993422082,0.0,0.0,1.6094379124341003
U-Pax,2020-01-01,"Munich, Bayern, Germany",Munich,Bayern,0,1,0,0,0,0,0,0,0,0,0,0,0,0,0,0,"Apps, Delivery Service, E-Commerce,",Information Technology,0,1,0,0,0,0,0,0,0,0,0,0,0,11-50,1,"€1,000,000",Series A,2020-03-02,"€1,000,000",1.0,0.0,U-Pax develops an app-based shopping platform that enables users to buy local products online.,Apps,U-Pax Apps startup website,0.0,145.0,0.0,0.0,0,€,1000000.0,€,1000000.0,1.11,historical,1.11,1000000.0,1000000.0,5,2,3,information_technology,0.0,4.983606621708336,0.0,0.0,13.815511557963774,0.0,1.0986122886681098,1.791759469228055
Nonfig,2020-03-01,"Berlin, Berlin, Germany",Berlin,Berlin,0,0,1,0,0,0,0,0,0,0,0,0,0,0,0,0,"B2B, Content Marketing, Software",Industrials,1,0,0,0,0,0,0,0,0,0,0,0,0,1-10,1,0.0,Pre-Seed,2020-03-10,0.0,0.0,0.0,Nonfig is a configuration management platform that unifies business configurations.,B2B,Nonfig B2B startup website,10.0,0.0,152.0,151.0,0,0.0,0.0,0.0,0.0,1.14,historical,1.14,0.0,0.0,4,0,1,industrials,2.3978952727983707,0.0,5.030437921392435,5.0238805208462765,0.0,0.0,0.0,1.6094379124341003
MARA,2020-03-31,"Karlsruhe, Baden-Wurttemberg,",Karlsruhe,Baden-Wurttemberg,1,0,0,0,0,0,0,0,0,0,0,0,0,0,0,0,"Analytics, AI,,,,,,,,",Information Technology,0,1,0,0,0,0,0,0,0,0,0,0,0,1-10,1,"€147,000",Pre-Seed,2020-04-01,"€147,000",1.0,0.0,"Market research automation, SaaS, NLP, AI, consumer review analysis",Analytics,MARA Analytics startup website,0.0,0.0,3000.0,500.0,1,€,147000.0,€,147000.0,1.1,historical,1.1,147000.0,147000.0,4,0,1,information_technology,0.0,0.0,8.006700845440367,6.2166061010848646,11.898194668458823,0.0,0.0,1.6094379124341003
CooperHire,2020-02-12,"Berlin, Berlin, Germany",Berlin,Berlin,0,0,1,0,0,0,0,0,0,0,0,0,0,0,0,0,"Internet, Marketplace, Software",Communication Services,0,0,1,0,0,0,0,0,0,0,0,0,0,1-10,1,0.0,Pre-Seed,2020-04-04,0.0,1.0,0.0,CooperHire is a candidate-led job marketplace that aims to alleviate the agony and aggravation of looking for a new job.,Internet,CooperHire Internet startup website,0.0,0.0,2000.0,500.0,1,0.0,0.0,0.0,0.0,1.08,historical,1.08,0.0,0.0,4,1,1,communication_services,0.0,0.0,7.601402334583733,6.2166061010848646,0.0,0.0,0.6931471805599453,1.6094379124341003
Yuaco,2020-06-20,"Berlin, Berlin, Germany",Berlin,Berlin,0,0,1,0,0,0,0,0,0,0,0,0,0,0,0,0,"Information Services, Internet,,,",Information Technology,0,1,0,0,0,0,0,0,0,0,0,0,0,1-10,1,0.0,Pre-Seed,2020-05-25,0.0,0.0,0.0,Fast and time-saving email for business people,Information Services,Yuaco Information Services startup website,0.0,0.0,114000.0,500.0,1,0.0,0.0,0.0,0.0,1.09,historical,1.09,0.0,0.0,4,0,1,information_technology,0.0,0.0,11.643962499267984,6.2166061010848646,0.0,0.0,0.0,1.6094379124341003
Truck Norris GmbH,2020-01-01,"Gröbers, Sachsen-Anhalt, Germany",Gröbers,Sachsen-Anhalt,0,0,0,0,0,0,0,0,0,0,0,0,0,1,0,0,"AI, Audio,",Information Technology,0,1,0,0,0,0,0,0,0,0,0,0,0,11-50,1,0.0,Seed,2020-05-27,0.0,1.0,0.0,Akustische Alarmsysteme für LKWs: Sicherheit für Menschen und Waren.,AI,Truck Norris GmbH AI startup website,0.0,0.0,0.0,0.0,0,0.0,0.0,0.0,0.0,1.1,historical,1.1,0.0,0.0,5,4,2,information_technology,0.0,0.0,0.0,0.0,0.0,0.0,1.6094379124341003,1.791759469228055
Infinite Devices,2020-05-01,"Magdeburg, Sachsen-Anhalt, Germany",Magdeburg,Sachsen-Anhalt,0,0,0,0,0,0,0,0,0,0,0,0,0,1,0,0,"Facility Management, Information Technology,,",Real Estate,0,0,0,1,0,0,0,0,0,0,0,0,0,11-50,2,"€1,460,000",Seed,2020-05-27,"€1,450,000",4.0,22.0,Smart facility management,Facility Management,Infinite Devices Facility Management startup website,0.0,0.0,0.0,0.0,0,€,1460000.0,€,1450000.0,1.1,historical,1.1,1460000.0,1450000.0,4,0,2,real_estate,0.0,0.0,0.0,0.0,14.19394767861579,3.1354942159291497,0.0,1.6094379124341003
Ecola Climo,2020-04-01,"Berlin, Berlin, Germany",Berlin,Berlin,0,0,1,0,0,0,0,0,0,0,0,0,0,0,0,0,"Apps, Information Technology,",Information Technology,0,1,0,0,0,0,0,0,0,0,0,0,0,1-10,1,0.0,Pre-Seed,2020-06-01,0.0,0.0,0.0,With Ecola you can subscribe to climate action and start generating impact straight away.,Apps,Ecola Climo Apps startup website,0.0,0.0,0.0,0.0,0,0.0,0.0,0.0,0.0,1.11,historical,1.11,0.0,0.0,4,2,1,information_technology,0.0,0.0,0.0,0.0,0.0,0.0,1.0986122886681098,1.6094379124341003
valideffect,2020-01-01,"Aachen, Nordrhein-Westfalen,",Aachen,Nordrhein-Westfalen,0,0,0,0,0,0,0,0,0,1,0,0,0,0,0,0,"Industrial, Information Technology,,,,",Industrials,1,0,0,0,0,0,0,0,0,0,0,0,0,1-10,1,0.0,Pre-Seed,2020-07-01,0.0,1.0,0.0,valideffect: SaaS platform for the digital assurance of personal industrial qualifications,Industrial,valideffect Industrial startup website,0.0,0.0,0.0,0.0,0,0.0,0.0,0.0,0.0,1.12,historical,1.12,0.0,0.0,5,5,1,industrials,0.0,0.0,0.0,0.0,0.0,0.0,1.791759469228055,1.791759469228055
essentry,2020-01-01,"Eschborn, Hessen, Germany",Eschborn,Hessen,0,0,0,0,0,0,1,0,0,0,0,0,0,0,0,0,"AI, B2B,,,,,",Information Technology,0,1,0,0,0,0,0,0,0,0,0,0,0,11-50,1,0.0,Pre-Seed,2020-08-01,0.0,1.0,0.0,Making identity verification and access management more efficient and secure.,AI,essentry AI startup website,0.0,0.0,1000.0,500.0,1,0.0,0.0,0.0,0.0,1.18,historical,1.18,0.0,0.0,5,6,1,information_technology,0.0,0.0,6.90875477931522,6.2166061010848646,0.0,0.0,1.9459101490553132,1.791759469228055
ReachTeens,2020-04-01,"Hamburg, Hamburg, Germany",Hamburg,Hamburg,0,0,0,0,0,1,0,0,0,0,0,0,0,0,0,0,"Cloud Computing, Cloud Data Services,,",Information Technology,0,1,0,0,0,0,0,0,0,0,0,0,0,1-10,1,"€50,000",Pre-Seed,2020-08-15,"€50,000",1.0,0.0,Consulting media companies for Gen-Z,Cloud Computing,ReachTeens Cloud Computing startup website,0.0,0.0,40000.0,500.0,1,€,50000.0,€,50000.0,1.19,historical,1.19,50000.0,50000.0,4,4,1,information_technology,0.0,0.0,10.596659732783579,6.2166061010848646,10.819798284210286,0.0,1.6094379124341003,1.6094379124341003
Legal Analytics GmbH,2020-08-01,"Hanover, Niedersachsen, Germany",Hanover,Niedersachsen,0,0,0,0,0,0,0,0,1,0,0,0,0,0,0,0,"Information Technology, Legal Tech,",Information Technology,0,1,0,0,0,0,0,0,0,0,0,0,0,11-50,2,"€400,000",Seed,2020-09-01,"€250,000",0.0,5.0,Legal Analytics helps clients check contracts through technology and legal services.,Information Technology,Legal Analytics GmbH Information Technology startup website,0.0,0.0,2000.0,500.0,1,€,400000.0,€,250000.0,1.19,historical,1.19,400000.0,250000.0,4,1,2,information_technology,0.0,0.0,7.601402334583733,6.2166061010848646,12.899222326086994,1.791759469228055,0.6931471805599453,1.6094379124341003
The Story Market,2020-01-01,"Munich, Bayern, Germany",Munich,Bayern,0,1,0,0,0,0,0,0,0,0,0,0,0,0,0,0,"AI, Content Creators,,,,",Information Technology,0,1,0,0,0,0,0,0,0,0,0,0,0,1-10,1,0.0,Pre-Seed,2020-09-11,0.0,1.0,0.0,The Story Market provides content syndication and content analytics for publishers and content creators.,AI,The Story Market AI startup website,0.0,139.0,0.0,0.0,0,0.0,0.0,0.0,0.0,1.18,historical,1.18,0.0,0.0,5,8,1,information_technology,0.0,4.941642422609304,0.0,0.0,0.0,0.0,2.1972245773362196,1.791759469228055
tracebloc,2020-09-29,"Berlin, Berlin, Germany",Berlin,Berlin,0,0,1,0,0,0,0,0,0,0,0,0,0,0,0,0,"AI, Enterprise Software,",Information Technology,0,1,0,0,0,0,0,0,0,0,0,0,0,1-10,1,0.0,Pre-Seed,2020-09-29,0.0,2.0,0.0,We help enterprises to easily identify and buy high-performance AI models for their specific use cases.,AI,tracebloc AI startup website,38.0,0.0,4000.0,500.0,1,0.0,0.0,0.0,0.0,1.17,historical,1.17,0.0,0.0,4,0,1,information_technology,3.6635616461296463,0.0,8.294299608857235,6.2166061010848646,0.0,0.0,0.0,1.6094379124341003
ProcessM,2020-01-01,"Aachen, Nordrhein-Westfalen,",Aachen,Nordrhein-Westfalen,0,0,0,0,0,0,0,0,0,1,0,0,0,0,0,0,"Business Intelligence, Data Integration,",Information Technology,0,1,0,0,0,0,0,0,0,0,0,0,0,1-10,1,"€30,000",Pre-Seed,2020-10-01,"€30,000",1.0,0.0,ProcessM provides process mining tools for microsoft power BI users.,Business Intelligence,ProcessM Business Intelligence startup website,0.0,599.0,228.0,177.0,0,€,30000.0,€,30000.0,1.17,historical,1.17,30000.0,30000.0,5,9,1,information_technology,0.0,6.396929655216146,5.43372200355424,5.181783550292085,10.308985993422082,0.0,2.302585092994046,1.791759469228055
mySHOEFITTER,2020-08-01,"Hamm, Nordrhein-Westfalen, Germany",Hamm,Nordrhein-Westfalen,0,0,0,0,0,0,0,0,0,1,0,0,0,0,0,0,"AI, E-Commerce,",Information Technology,0,1,0,0,0,0,0,0,0,0,0,0,0,1-10,1,0.0,Pre-Seed,2020-10-05,0.0,1.0,0.0,mySHOEFITTER is a biometric foot measurement technology for mobile devices.,AI,mySHOEFITTER AI startup website,0.0,0.0,1000.0,500.0,1,0.0,0.0,0.0,0.0,1.17,historical,1.17,0.0,0.0,4,2,1,information_technology,0.0,0.0,6.90875477931522,6.2166061010848646,0.0,0.0,1.0986122886681098,1.6094379124341003
Hatchmate UG (haftungsbeschränkt),2020-10-13,"Villingen-schwenningen, Baden-Wurttemberg,",Villingen-schwenningen,Baden-Wurttemberg,1,0,0,0,0,0,0,0,0,0,0,0,0,0,0,0,"Apps, Software",Information Technology,0,1,0,0,0,0,0,0,0,0,0,0,0,1-10,1,0.0,Pre-Seed,2020-10-13,0.0,0.0,0.0,Social Video Networking App,Apps,Hatchmate UG (haftungsbeschränkt) Apps startup website,0.0,0.0,0.0,0.0,0,0.0,0.0,0.0,0.0,1.18,historical,1.18,0.0,0.0,4,0,1,information_technology,0.0,0.0,0.0,0.0,0.0,0.0,0.0,1.6094379124341003
Acapela,2020-09-01,"Berlin, Berlin, Germany",Berlin,Berlin,0,0,1,0,0,0,0,0,0,0,0,0,0,0,0,0,"Email, Real Time, Web Apps",Information Technology,0,1,0,0,0,0,0,0,0,0,0,0,0,11-50,1,"$3,000,000",Seed,2020-10-22,"$3,000,000",3.0,1.0,"Acapela lets you take control of your notifications. Capture, filter and action them all from one place. Unblock your team twice as fast.",Email,Acapela Email startup website,982.0,0.0,3000.0,500.0,1,$,3000000.0,$,3000000.0,1.19,historical,1.19,3570000.0,3570000.0,4,1,2,information_technology,6.890609120147166,0.0,8.006700845440367,6.2166061010848646,15.088076433867828,0.6931471805599453,0.6931471805599453,1.6094379124341003
Geld und Wissen,2020-01-01,"Frankfurt, Hessen, Germany",Frankfurt,Hessen,0,0,0,0,0,0,1,0,0,0,0,0,0,0,0,0,"Financial Services, FinTech, Software",Financials,0,0,0,0,1,0,0,0,0,0,0,0,0,1-10,1,"€300,000",Pre-Seed,2020-10-22,"€300,000",0.0,0.0,Geld und Wissen offers a software tool to sell more actively managed equity funds.,Financial Services,Geld und Wissen Financial Services startup website,0.0,0.0,29.0,294.0,0,€,300000.0,€,300000.0,1.19,historical,1.19,300000.0,300000.0,5,9,1,financials,0.0,0.0,3.4011973816621555,5.68697535633982,12.611541086966115,0.0,2.302585092994046,1.791759469228055
EcoPhi Renewables Engineering GmbH,2020-01-01,"Karlsruhe, Baden-Wurttemberg,",Karlsruhe,Baden-Wurttemberg,1,0,0,0,0,0,0,0,0,0,0,0,0,0,0,0,"Asset Management, Renewable Energy,,",Financials,0,0,0,0,1,0,0,0,0,0,0,0,0,1-10,1,"€200,000",Pre-Seed,2020-11-01,"€200,000",1.0,0.0,"Remote Monitoring and Control, Asset Managment",Asset Management,EcoPhi Renewables Engineering GmbH Asset Management startup website,0.0,0.0,3000.0,500.0,1,€,200000.0,€,200000.0,1.16,historical,1.16,200000.0,200000.0,5,10,1,financials,0.0,0.0,8.006700845440367,6.2166061010848646,12.206077645517674,0.0,2.3978952727983707,1.791759469228055
Carmino,2020-01-01,"Potsdam, Brandenburg, Germany",Potsdam,Brandenburg,0,0,0,1,0,0,0,0,0,0,0,0,0,0,0,0,"B2B, Data Collection and Labeling,,,,",Industrials,1,0,0,0,0,0,0,0,0,0,0,0,0,1-10,1,"€350,000",Pre-Seed,2020-11-01,"€350,000",0.0,0.0,Carmino provides a solution for automated data collection and carbon accounting for employees.,B2B,Carmino B2B startup website,0.0,116.0,0.0,0.0,0,€,350000.0,€,350000.0,1.16,historical,1.16,350000.0,350000.0,5,10,1,industrials,0.0,4.762173934797756,0.0,0.0,12.765691290604371,0.0,2.3978952727983707,1.791759469228055
ApplyZ GmbH I Talk'n'Job,2020-09-09,"Heidelberg, Baden-Wurttemberg,",Heidelberg,Baden-Wurttemberg,1,0,0,0,0,0,0,0,0,0,0,0,0,0,0,0,"Human Resources, Information Technology,,,",Industrials,1,0,0,0,0,0,0,0,0,0,0,0,0,11-50,2,"€800,000",Seed,2020-11-10,"€800,000",1.0,12.0,Talk’n’Job is a 100% voice-driven job application using mobile devices | Conversion Booster,Human Resources,ApplyZ GmbH I Talk'n'Job Human Resources startup website,352.0,0.0,2000.0,500.0,1,€,800000.0,€,800000.0,1.18,historical,1.18,800000.0,800000.0,4,2,2,industrials,5.8664680569332965,0.0,7.601402334583733,6.2166061010848646,13.592368256649284,2.5649493574615367,1.0986122886681098,1.6094379124341003
HARPOCRATES Solutions,2020-04-14,"Berlin, Berlin, Germany",Berlin,Berlin,0,0,1,0,0,0,0,0,0,0,0,0,0,0,0,0,"Automotive, Banking, Cloud Computing,,,,,,,",Consumer Discretionary,0,0,0,0,0,1,0,0,0,0,0,0,0,1-10,2,0.0,Pre-Seed,2020-11-19,0.0,2.0,21.0,"Provider of Forward Compliance for B2B and B2C Customers in context of GDPR, Basel III/IV and other regulations and contract understanding.",Automotive,HARPOCRATES Solutions Automotive startup website,0.0,0.0,236.0,190.0,0,0.0,0.0,0.0,0.0,1.18,historical,1.18,0.0,0.0,4,7,1,consumer_discretionary,0.0,0.0,5.4680601411351315,5.25227342804663,0.0,3.091042453358316,2.0794415416798357,1.6094379124341003
Wonder,2020-01-01,"Berlin, Berlin, Germany",Berlin,Berlin,0,0,1,0,0,0,0,0,0,0,0,0,0,0,0,0,"Meeting Software, Social Media,",Information Technology,0,1,0,0,0,0,0,0,0,0,0,0,0,11-50,2,"$12,200,000",Seed,2020-12-07,"$11,000,000",2.0,0.0,Wonder is a virtual space where people can meet and talk.,Meeting Software,Wonder Meeting Software startup website,477.0,0.0,4000.0,0.0,0,$,12200000.0,$,11000000.0,1.21,historical,1.21,14762000.0,13310000.0,5,11,2,information_technology,6.169610732491456,0.0,8.294299608857235,0.0,16.50756693705363,0.0,2.4849066497880004,1.791759469228055
Journeyman,2020-01-01,"Berlin, Berlin, Germany",Berlin,Berlin,0,0,1,0,0,0,0,0,0,0,0,0,0,0,0,0,"Career Planning, Communities,,,,",Industrials,1,0,0,0,0,0,0,0,0,0,0,0,0,11-50,1,0.0,Pre-Seed,2020-12-15,0.0,2.0,1.0,The leading career - and workforce management platform for the skilled trades,Career Planning,Journeyman Career Planning startup website,12.0,0.0,1000.0,500.0,1,0.0,0.0,0.0,0.0,1.21,historical,1.21,0.0,0.0,5,11,1,industrials,2.5649493574615367,0.0,6.90875477931522,6.2166061010848646,0.0,0.6931471805599453,2.4849066497880004,1.791759469228055
"sooley - insoles, your way",2021-01-01,"Konstanz, Baden-Wurttemberg,",Konstanz,Baden-Wurttemberg,1,0,0,0,0,0,0,0,0,0,0,0,0,0,0,0,"Digital Marketing, Health Diagnostics,,",Communication Services,0,0,1,0,0,0,0,0,0,0,0,0,0,1-10,1,0.0,Pre-Seed,2020-12-31,0.0,1.0,0.0,"B2B/B2C, Our revolutionary 3D scanning app empowers millions worldwide to obtain custom insoles directly",Digital Marketing,"sooley - insoles, your way Digital Marketing startup website",0.0,0.0,276.0,288.0,0,0.0,0.0,0.0,0.0,1.23,historical,1.23,0.0,0.0,4,0,1,communication_services,0.0,0.0,5.6240175061873385,5.666426688112432,0.0,0.0,0.0,1.6094379124341003
benchANT,2021-01-01,"Ulm, Baden-Wurttemberg, Germany",Ulm,Baden-Wurttemberg,1,0,0,0,0,0,0,0,0,0,0,0,0,0,0,0,SaaS,Information Technology,0,1,0,0,0,0,0,0,0,0,0,0,0,1-10,1,"€950,000",Pre-Seed,2021-01-01,"€950,000",1.0,0.0,Cloud Database Benchmarking-as-a-Service Platform,SaaS,benchANT SaaS startup website,0.0,0.0,630.0,500.0,1,€,950000.0,€,950000.0,1.22,historical,1.22,950000.0,950000.0,4,0,1,information_technology,0.0,0.0,6.447305862541213,6.2166061010848646,13.76421831620775,0.0,0.0,1.6094379124341003
Abowire,2020-01-01,"Berlin, Berlin, Germany",Berlin,Berlin,0,0,1,0,0,0,0,0,0,0,0,0,0,0,0,0,"Information Technology, Internet,,,",Information Technology,0,1,0,0,0,0,0,0,0,0,0,0,0,11-50,1,0.0,Pre-Seed,2021-01-01,0.0,1.0,0.0,Abowire is an expert-driven solution to scale your recurring revenue. We fast-track your journey to subscription success.,Information Technology,Abowire Information Technology startup website,0.0,0.0,168.0,500.0,1,0.0,0.0,0.0,0.0,1.22,historical,1.22,0.0,0.0,5,12,1,information_technology,0.0,0.0,5.1298987149230735,6.2166061010848646,0.0,0.0,2.5649493574615367,1.791759469228055
Onstruc,2020-10-01,"Berlin, Berlin, Germany",Berlin,Berlin,0,0,1,0,0,0,0,0,0,0,0,0,0,0,0,0,"Apps, Construction, Document Management,,,",Information Technology,0,1,0,0,0,0,0,0,0,0,0,0,0,11-50,1,"€550,000",Pre-Seed,2021-01-01,"€550,000",0.0,0.0,Onstruc developed software to simplify process documentation and supervision in the building industry.,Apps,Onstruc Apps startup website,0.0,0.0,2000.0,500.0,1,€,550000.0,€,550000.0,1.22,historical,1.22,550000.0,550000.0,4,3,1,information_technology,0.0,0.0,7.601402334583733,6.2166061010848646,13.217675375388819,0.0,1.3862943611198906,1.6094379124341003
Priv,2021-01-01,"Berlin, Berlin, Germany",Berlin,Berlin,0,0,1,0,0,0,0,0,0,0,0,0,0,0,0,0,"AI, Privacy,",Information Technology,0,1,0,0,0,0,0,0,0,0,0,0,0,1-10,1,0.0,Seed,2021-01-01,0.0,0.0,0.0,An AI-driven platform that empowers organisations to become privacy compliant.,AI,Priv AI startup website,0.0,0.0,0.0,0.0,0,0.0,0.0,0.0,0.0,1.22,historical,1.22,0.0,0.0,4,0,2,information_technology,0.0,0.0,0.0,0.0,0.0,0.0,0.0,1.6094379124341003
Alethea,2021-01-01,"Düsseldorf, Nordrhein-Westfalen,",Düsseldorf,Nordrhein-Westfalen,0,0,0,0,0,0,0,0,0,1,0,0,0,0,0,0,Software,Information Technology,0,1,0,0,0,0,0,0,0,0,0,0,0,1-10,1,0.0,Pre-Seed,2021-01-11,0.0,1.0,4.0,Workflow software for the corporate finance industry,Software,Alethea Software startup website,0.0,0.0,0.0,0.0,0,0.0,0.0,0.0,0.0,1.22,historical,1.22,0.0,0.0,4,0,1,information_technology,0.0,0.0,0.0,0.0,0.0,1.6094379124341003,0.0,1.6094379124341003
Bird Eats Bug,2020-01-01,"Berlin, Berlin, Germany",Berlin,Berlin,0,0,1,0,0,0,0,0,0,0,0,0,0,0,0,0,"Collaboration, Developer Tools,,",Information Technology,0,1,0,0,0,0,0,0,0,0,0,0,0,1-10,1,"€1,500,000",Pre-Seed,2021-01-14,"€1,500,000",1.0,5.0,Bird Eats Bug helps to report and fix bugs much faster.,Collaboration,Bird Eats Bug Collaboration startup website,252.0,0.0,830.0,500.0,1,€,1500000.0,€,1500000.0,1.22,historical,1.22,1500000.0,1500000.0,5,12,1,information_technology,5.53338948872752,0.0,6.7226297948554485,6.2166061010848646,14.220976332738882,1.791759469228055,2.5649493574615367,1.791759469228055
Mimetik,2020-01-01,"Dresden, Sachsen, Germany",Dresden,Sachsen,0,0,0,0,0,0,0,0,0,0,0,0,1,0,0,0,Software,Information Technology,0,1,0,0,0,0,0,0,0,0,0,0,0,1-10,1,0.0,Pre-Seed,2021-01-25,0.0,1.0,1.0,Mimetik is s a software startup for seamless interactions with millions of devices.,Software,Mimetik Software startup website,0.0,0.0,877.0,500.0,1,0.0,0.0,0.0,0.0,1.22,historical,1.22,0.0,0.0,5,12,1,information_technology,0.0,0.0,6.777646593635117,6.2166061010848646,0.0,0.6931471805599453,2.5649493574615367,1.791759469228055
Creatext,2020-01-01,"Berlin, Berlin, Germany",Berlin,Berlin,0,0,1,0,0,0,0,0,0,0,0,0,0,0,0,0,"AI, Information Technology,,,,",Information Technology,0,1,0,0,0,0,0,0,0,0,0,0,0,1-10,1,"$120,000",Pre-Seed,2021-01-25,"$120,000",1.0,0.0,Creatext is a Berlin-based team of AI engineers building a “GitHub Copilot for salespeople”.,AI,Creatext AI startup website,0.0,13.0,11.0,0.0,0,$,120000.0,$,120000.0,1.22,historical,1.22,146400.0,146400.0,5,12,1,information_technology,0.0,2.6390573296152584,2.4849066497880004,0.0,11.894104711087113,0.0,2.5649493574615367,1.791759469228055
autoRetouch,2020-01-31,"Stuttgart, Baden-Wurttemberg,",Stuttgart,Baden-Wurttemberg,1,0,0,0,0,0,0,0,0,0,0,0,0,0,0,0,"AI, E-Commerce,,,,,,",Information Technology,0,1,0,0,0,0,0,0,0,0,0,0,0,11-50,1,"€3,200,000",Seed,2021-01-26,"€3,200,000",1.0,0.0,autoRetouch is the AI-powered image editing platform.,AI,autoRetouch AI startup website,0.0,0.0,0.0,0.0,0,€,3200000.0,€,3200000.0,1.21,historical,1.21,3200000.0,3200000.0,4,11,2,information_technology,0.0,0.0,0.0,0.0,14.978661680269907,0.0,2.4849066497880004,1.6094379124341003
payactive,2020-05-01,"Dresden, Sachsen, Germany",Dresden,Sachsen,0,0,0,0,0,0,0,0,0,0,0,0,1,0,0,0,"FinTech, Payments, Social Impact,,",Financials,0,0,0,0,1,0,0,0,0,0,0,0,0,1-10,1,"€625,000",Pre-Seed,2021-02-01,"€625,000",0.0,0.0,Sustainable Payment Platform,FinTech,payactive FinTech startup website,1688.0,1311.0,2000.0,500.0,1,€,625000.0,€,625000.0,1.21,historical,1.21,625000.0,625000.0,4,9,1,financials,7.4318919168078,7.179307969504034,7.601402334583733,6.2166061010848646,13.345508528717259,0.0,2.302585092994046,1.6094379124341003
Civical,2020-11-27,"Moabit, Berlin, Germany",Moabit,Berlin,0,0,1,0,0,0,0,0,0,0,0,0,0,0,0,0,"Data Integration, Data Visualization,,,,,,",Information Technology,0,1,0,0,0,0,0,0,0,0,0,0,0,1-10,1,0.0,Pre-Seed,2021-02-07,0.0,2.0,0.0,Civical is SaaS market leader in Germany for politics and non-profit,Data Integration,Civical Data Integration startup website,0.0,0.0,12000.0,500.0,1,0.0,0.0,0.0,0.0,1.2,historical,1.2,0.0,0.0,4,2,1,information_technology,0.0,0.0,9.392745258631441,6.2166061010848646,0.0,0.0,1.0986122886681098,1.6094379124341003
Skytale,2020-12-09,"Berlin, Berlin, Germany",Berlin,Berlin,0,0,1,0,0,0,0,0,0,0,0,0,0,0,0,0,"Blockchain, Cryptocurrency, Financial Services,",Web3/Blockchain,0,0,0,0,0,0,1,0,0,0,0,0,0,1-10,1,0.0,Pre-Seed,2021-02-15,0.0,0.0,4.0,Enterprise-grade crypto asset tracking and financial platform,Blockchain,Skytale Blockchain startup website,0.0,0.0,3000.0,500.0,1,0.0,0.0,0.0,0.0,1.21,historical,1.21,0.0,0.0,4,2,1,web3_blockchain,0.0,0.0,8.006700845440367,6.2166061010848646,0.0,1.6094379124341003,1.0986122886681098,1.6094379124341003
credium,2020-06-02,"Augsburg, Bayern, Germany",Augsburg,Bayern,0,1,0,0,0,0,0,0,0,0,0,0,0,0,0,0,"Analytics, AI,,,,,,",Information Technology,0,1,0,0,0,0,0,0,0,0,0,0,0,11-50,1,0.0,Pre-Seed,2021-02-24,0.0,1.0,0.0,credium is an AI-company that concentrates on building analytics.,Analytics,credium Analytics startup website,0.0,226.0,2000.0,500.0,1,0.0,0.0,0.0,0.0,1.22,historical,1.22,0.0,0.0,4,8,1,information_technology,0.0,5.424950017481403,7.601402334583733,6.2166061010848646,0.0,0.0,2.1972245773362196,1.6094379124341003
Unosecur,2021-02-18,"Berlin, Berlin, Germany",Berlin,Berlin,0,0,1,0,0,0,0,0,0,0,0,0,0,0,0,0,"B2B, Cloud Security, Enterprise Software,",Industrials,1,0,0,0,0,0,0,0,0,0,0,0,0,1-10,1,0.0,Pre-Seed,2021-03-01,0.0,1.0,0.0,Cloud Identity Threat Detection and Response Platform,B2B,Unosecur B2B startup website,0.0,0.0,561.0,500.0,1,0.0,0.0,0.0,0.0,1.21,historical,1.21,0.0,0.0,3,0,1,industrials,0.0,0.0,6.331501849893691,6.2166061010848646,0.0,0.0,0.0,1.3862943611198906
heronOS,2020-05-27,"Berlin, Berlin, Germany",Berlin,Berlin,0,0,1,0,0,0,0,0,0,0,0,0,0,0,0,0,"AI, Information Technology,",Information Technology,0,1,0,0,0,0,0,0,0,0,0,0,0,1-10,1,"€250,000",Pre-Seed,2021-03-01,"€250,000",1.0,0.0,HeronOS is an information technology company.,AI,heronOS AI startup website,0.0,0.0,690.0,500.0,1,€,250000.0,€,250000.0,1.21,historical,1.21,250000.0,250000.0,4,9,1,information_technology,0.0,0.0,6.53813982376767,6.2166061010848646,12.429220196836383,0.0,2.302585092994046,1.6094379124341003
TOOLUP,2021-01-02,"Berlin, Berlin, Germany",Berlin,Berlin,0,0,1,0,0,0,0,0,0,0,0,0,0,0,0,0,"Identity Management, Productivity Tools,",Information Technology,0,1,0,0,0,0,0,0,0,0,0,0,0,1-10,1,0.0,Pre-Seed,2021-03-01,0.0,0.0,0.0,"TOOLUP is a SaaS tools, identity, and invoice management app.",Identity Management,TOOLUP Identity Management startup website,0.0,0.0,0.0,0.0,0,0.0,0.0,0.0,0.0,1.21,historical,1.21,0.0,0.0,4,1,1,information_technology,0.0,0.0,0.0,0.0,0.0,0.0,0.6931471805599453,1.6094379124341003
Field,2020-04-22,"Hamburg, Hamburg, Germany",Hamburg,Hamburg,0,0,0,0,0,1,0,0,0,0,0,0,0,0,0,0,"Enterprise Software, Product Management,,",Information Technology,0,1,0,0,0,0,0,0,0,0,0,0,0,1-10,1,"€500,000",Pre-Seed,2021-03-01,"€500,000",0.0,0.0,"SaaS for product teams to establish context awareness, sensemaking and strategic thinking at all levels",Enterprise Software,Field Enterprise Software startup website,0.0,0.0,687.0,500.0,1,€,500000.0,€,500000.0,1.21,historical,1.21,500000.0,500000.0,4,10,1,information_technology,0.0,0.0,6.5337888379333435,6.2166061010848646,13.122365377402328,0.0,2.3978952727983707,1.6094379124341003
heyday,2020-01-01,"Berlin, Berlin, Germany",Berlin,Berlin,0,0,1,0,0,0,0,0,0,0,0,0,0,0,0,0,Software,Information Technology,0,1,0,0,0,0,0,0,0,0,0,0,0,11-50,1,"€1,000,000",Pre-Seed,2021-03-10,"€1,000,000",3.0,0.0,heyday is an innovative software solution for the optimization and administration of employee benefits.,Software,heyday Software startup website,0.0,77.0,2000.0,500.0,1,€,1000000.0,€,1000000.0,1.19,historical,1.19,1000000.0,1000000.0,5,14,1,information_technology,0.0,4.356708826689592,7.601402334583733,6.2166061010848646,13.815511557963774,0.0,2.70805020110221,1.791759469228055
DingoDot,2021-02-04,"Berlin, Berlin, Germany",Berlin,Berlin,0,0,1,0,0,0,0,0,0,0,0,0,0,0,0,0,"Accounting, AI,,,,,,,,",Financials,0,0,0,0,1,0,0,0,0,0,0,0,0,11-50,2,"€507,000",Pre-Seed,2021-03-11,"€500,000",3.0,3.0,Virtual CFO for SMBs: Time is Money. Get Both. Automate payments nad make cash work. #fintech #SaaS #AI #crypto #B2B #openbanking #PSD2,Accounting,DingoDot Accounting startup website,13.0,127.0,683.0,3.0,0,€,507000.0,€,500000.0,1.19,historical,1.19,507000.0,500000.0,3,1,1,financials,2.6390573296152584,4.852030263919617,6.52795791762255,1.3862943611198906,13.136268254957963,1.3862943611198906,0.6931471805599453,1.3862943611198906
Alocai GmbH,2021-01-01,"Berlin, Berlin, Germany",Berlin,Berlin,0,0,1,0,0,0,0,0,0,0,0,0,0,0,0,0,"AI, Gaming,,",Information Technology,0,1,0,0,0,0,0,0,0,0,0,0,0,11-50,1,0.0,Pre-Seed,2021-03-16,0.0,0.0,0.0,Alocai is an end-to-end game localization platform that integrates human creativity and AI to deliver superior gaming experiences.,AI,Alocai GmbH AI startup website,18.0,0.0,905.0,500.0,1,0.0,0.0,0.0,0.0,1.19,historical,1.19,0.0,0.0,4,2,1,information_technology,2.9444389791664403,0.0,6.80903930604298,6.2166061010848646,0.0,0.0,1.0986122886681098,1.6094379124341003
MeetAnyway,2020-04-01,"Stuttgart, Baden-Wurttemberg,",Stuttgart,Baden-Wurttemberg,1,0,0,0,0,0,0,0,0,0,0,0,0,0,0,0,"Collaboration, Enterprise, Software,,",Information Technology,0,1,0,0,0,0,0,0,0,0,0,0,0,1-10,1,"$125,000",Pre-Seed,2021-03-22,"$125,000",1.0,0.0,MeetAnyway provides a platform that specializes in online events.,Collaboration,MeetAnyway Collaboration startup website,6.0,0.0,191.0,165.0,0,$,125000.0,$,125000.0,1.19,historical,1.19,148750.0,148750.0,4,11,1,information_technology,1.9459101490553132,0.0,5.2574953720277815,5.111987788356544,11.910029046074355,0.0,2.4849066497880004,1.6094379124341003
independesk,2020-01-01,"Berlin, Berlin, Germany",Berlin,Berlin,0,0,1,0,0,0,0,0,0,0,0,0,0,0,0,0,"Internet, Mobile Apps, Rental,",Communication Services,0,0,1,0,0,0,0,0,0,0,0,0,0,11-50,1,0.0,Pre-Seed,2021-03-24,0.0,2.0,0.0,"Workspace Platform, Coworking Provider and SaaS for Management of Hybrid Working",Internet,independesk Internet startup website,73.0,0.0,2000.0,500.0,1,0.0,0.0,0.0,0.0,1.18,historical,1.18,0.0,0.0,5,14,1,communication_services,4.30406509320417,0.0,7.601402334583733,6.2166061010848646,0.0,0.0,2.70805020110221,1.791759469228055
Restack,2021-01-01,"Berlin, Berlin, Germany",Berlin,Berlin,0,0,1,0,0,0,0,0,0,0,0,0,0,0,0,0,"Developer Platform, DevOps, Software",Information Technology,0,1,0,0,0,0,0,0,0,0,0,0,0,11-50,1,0.0,Pre-Seed,2021-03-30,0.0,9.0,1.0,"Restack provides the developer tools and cloud infrastructure to bring AI products into production in minutes, not months.",Developer Platform,Restack Developer Platform startup website,0.0,0.0,14.0,500.0,1,0.0,0.0,0.0,0.0,1.18,historical,1.18,0.0,0.0,4,2,1,information_technology,0.0,0.0,2.70805020110221,6.2166061010848646,0.0,0.6931471805599453,1.0986122886681098,1.6094379124341003
Dive platform GMBH,2021-03-01,"Berlin, Berlin, Germany",Berlin,Berlin,0,0,1,0,0,0,0,0,0,0,0,0,0,0,0,0,"Audio, Mobile Apps, Podcast, Social Media",Communication Services,0,0,1,0,0,0,0,0,0,0,0,0,0,11-50,2,"€700,000",Pre-Seed,2021-04-01,"€500,000",1.0,9.0,Social audio for professionals,Audio,Dive platform GMBH Audio startup website,0.0,0.0,0.0,0.0,0,€,700000.0,€,500000.0,1.17,historical,1.17,700000.0,500000.0,3,1,1,communication_services,0.0,0.0,0.0,0.0,13.45883704259595,2.302585092994046,0.6931471805599453,1.3862943611198906
Additive Scale,2021-04-01,"Krailling, Bayern, Germany",Krailling,Bayern,0,1,0,0,0,0,0,0,0,0,0,0,0,0,0,0,"3D Printing, Eyewear, Software",Information Technology,0,1,0,0,0,0,0,0,0,0,0,0,0,1-10,1,"€1,000,000",Pre-Seed,2021-04-01,"€1,000,000",0.0,0.0,Our proprietary technology allows to produce 3D printed eyewear with mind-blowing quality from one to million units. Made in Germany.,3D Printing,Additive Scale 3D Printing startup website,0.0,129.0,267.0,500.0,1,€,1000000.0,€,1000000.0,1.17,historical,1.17,1000000.0,1000000.0,3,0,1,information_technology,0.0,4.867534450455582,5.5909869805108565,6.2166061010848646,13.815511557963774,0.0,0.0,1.3862943611198906
Heyrecruit,2020-05-08,"Frankfurt, Hessen, Germany",Frankfurt,Hessen,0,0,0,0,0,0,1,0,0,0,0,0,0,0,0,0,"Human Resources, Software",Industrials,1,0,0,0,0,0,0,0,0,0,0,0,0,11-50,1,0.0,Pre-Seed,2021-04-01,0.0,1.0,0.0,Heyrecruit is an app that supports clients in the selection and communication with applicants.,Human Resources,Heyrecruit Human Resources startup website,0.0,0.0,344.0,408.0,0,0.0,0.0,0.0,0.0,1.17,historical,1.17,0.0,0.0,4,10,1,industrials,0.0,0.0,5.84354441703136,6.013715156042802,0.0,0.0,2.3978952727983707,1.6094379124341003
haeppie,2021-02-12,"Munich, Bayern, Germany",Munich,Bayern,0,1,0,0,0,0,0,0,0,0,0,0,0,0,0,0,"B2B, SaaS, Sales Automation,",Industrials,1,0,0,0,0,0,0,0,0,0,0,0,0,1-10,1,0.0,Pre-Seed,2021-04-10,0.0,0.0,0.0,haeppie builds the workspace for sales teams.,B2B,haeppie B2B startup website,3.0,0.0,450.0,418.0,0,0.0,0.0,0.0,0.0,1.19,historical,1.19,0.0,0.0,3,1,1,industrials,1.3862943611198906,0.0,6.111467339502679,6.037870919922137,0.0,0.0,0.6931471805599453,1.3862943611198906
Verbally,2021-01-01,"Berlin, Berlin, Germany",Berlin,Berlin,0,0,1,0,0,0,0,0,0,0,0,0,0,0,0,0,"Consulting, Information Technology,",Industrials,1,0,0,0,0,0,0,0,0,0,0,0,0,11-50,1,0.0,Pre-Seed,2021-04-20,0.0,2.0,0.0,Verbally develops and sales of software in the field of communication analysis.,Consulting,Verbally Consulting startup website,0.0,0.0,572.0,500.0,1,0.0,0.0,0.0,0.0,1.2,historical,1.2,0.0,0.0,4,3,1,industrials,0.0,0.0,6.35088571671474,6.2166061010848646,0.0,0.0,1.3862943611198906,1.6094379124341003
CBApply,2020-11-01,"Chemnitz, Sachsen, Germany",Chemnitz,Sachsen,0,0,0,0,0,0,0,0,0,0,0,0,1,0,0,0,"SaaS, Service Industry, Software",Information Technology,0,1,0,0,0,0,0,0,0,0,0,0,0,0.0,1,0.0,Seed,2021-04-20,0.0,1.0,0.0,CBApply is short for Cloud-Based Applications which are innovative business applications that are available as software-as-a-service.,SaaS,CBApply SaaS startup website,0.0,0.0,0.0,0.0,0,0.0,0.0,0.0,0.0,1.2,historical,1.2,0.0,0.0,4,5,2,information_technology,0.0,0.0,0.0,0.0,0.0,0.0,1.791759469228055,1.6094379124341003
CALIMA,2021-04-22,"Berlin, Berlin, Germany",Berlin,Berlin,0,0,1,0,0,0,0,0,0,0,0,0,0,0,0,0,"Commercial, Consulting, Public Safety,",Real Estate,0,0,0,1,0,0,0,0,0,0,0,0,0,1-10,1,"€325,000",Pre-Seed,2021-04-22,"€325,000",0.0,1.0,CALIMA develops and distributes an emergency system for companies to protect lone workers in compliance with the law.,Commercial,CALIMA Commercial startup website,0.0,208.0,764.0,500.0,1,€,325000.0,€,325000.0,1.2,historical,1.2,325000.0,325000.0,3,0,1,real_estate,0.0,5.342334251964811,6.639875833826536,6.2166061010848646,12.691583538230217,0.6931471805599453,0.0,1.3862943611198906
Coleap,2021-04-01,"Berlin, Berlin, Germany",Berlin,Berlin,0,0,1,0,0,0,0,0,0,0,0,0,0,0,0,0,"E-Learning, EdTech, Education",Consumer Discretionary,0,0,0,0,0,1,0,0,0,0,0,0,0,11-50,1,"€2,760,000",Pre-Seed,2021-04-28,"€2,760,000",2.0,0.0,Coleap is a social commerce platform for professional upskilling.,E-Learning,Coleap E-Learning startup website,0.0,0.0,2000.0,500.0,1,€,2760000.0,€,2760000.0,1.21,historical,1.21,2760000.0,2760000.0,3,0,1,consumer_discretionary,0.0,0.0,7.601402334583733,6.2166061010848646,14.830741600012107,0.0,0.0,1.3862943611198906
eye2you,2020-04-21,"Tübingen, Baden-Wurttemberg,",Tübingen,Baden-Wurttemberg,1,0,0,0,0,0,0,0,0,0,0,0,0,0,0,0,"AI, Health Care,,",Information Technology,0,1,0,0,0,0,0,0,0,0,0,0,0,1-10,1,0.0,Pre-Seed,2021-05-01,0.0,0.0,0.0,eye2you is a medical AI for retinal examinations.,AI,eye2you AI startup website,252.0,0.0,0.0,0.0,0,0.0,0.0,0.0,0.0,1.2,historical,1.2,0.0,0.0,4,12,1,information_technology,5.53338948872752,0.0,0.0,0.0,0.0,0.0,2.5649493574615367,1.6094379124341003
Forenamics,2020-04-01,"Cologne, Nordrhein-Westfalen,",Cologne,Nordrhein-Westfalen,0,0,0,0,0,0,0,0,0,1,0,0,0,0,0,0,"AI, Enterprise Resource Planning (ERP),,,,,,",Information Technology,0,1,0,0,0,0,0,0,0,0,0,0,0,1-10,1,"€350,000",Pre-Seed,2021-05-01,"€350,000",1.0,0.0,Forenamics is a AI demand forecasting service for food producers.,AI,Forenamics AI startup website,0.0,0.0,241.0,0.0,0,€,350000.0,€,350000.0,1.2,historical,1.2,350000.0,350000.0,4,12,1,information_technology,0.0,0.0,5.488937726156687,0.0,12.765691290604371,0.0,2.5649493574615367,1.6094379124341003
CATHAGO,2021-01-01,"Berlin, Berlin, Germany",Berlin,Berlin,0,0,1,0,0,0,0,0,0,0,0,0,0,0,0,0,"Construction, SaaS, Software",Industrials,1,0,0,0,0,0,0,0,0,0,0,0,0,11-50,1,0.0,Pre-Seed,2021-05-01,0.0,4.0,0.0,CATHAGO is a ConTech startup which increases efficiency in construction procurement with a cloud SaaS solution.,Construction,CATHAGO Construction startup website,0.0,0.0,2000.0,500.0,1,0.0,0.0,0.0,0.0,1.2,historical,1.2,0.0,0.0,4,3,1,industrials,0.0,0.0,7.601402334583733,6.2166061010848646,0.0,0.0,1.3862943611198906,1.6094379124341003
alfatier GmbH,2021-05-12,"Hamburg, Hamburg, Germany",Hamburg,Hamburg,0,0,0,0,0,1,0,0,0,0,0,0,0,0,0,0,"SaaS, Software",Information Technology,0,1,0,0,0,0,0,0,0,0,0,0,0,1-10,1,0.0,Pre-Seed,2021-05-15,0.0,1.0,0.0,"SaaS, HRtech, Talent Management, Skills Management",SaaS,alfatier GmbH SaaS startup website,2.0,0.0,168.0,84.0,0,0.0,0.0,0.0,0.0,1.22,historical,1.22,0.0,0.0,3,0,1,information_technology,1.0986122886681098,0.0,5.1298987149230735,4.442651256490317,0.0,0.0,0.0,1.3862943611198906
vCOACH,2020-01-01,"Munich, Bayern, Germany",Munich,Bayern,0,1,0,0,0,0,0,0,0,0,0,0,0,0,0,0,"Mobile Apps, Software",Information Technology,0,1,0,0,0,0,0,0,0,0,0,0,0,1-10,1,0.0,Pre-Seed,2021-05-17,0.0,4.0,2.0,vCOACH helps in building a consumer mobile app for getting access to personal skill improvement.,Mobile Apps,vCOACH Mobile Apps startup website,0.0,0.0,2000.0,500.0,1,0.0,0.0,0.0,0.0,1.22,historical,1.22,0.0,0.0,5,16,1,information_technology,0.0,0.0,7.601402334583733,6.2166061010848646,0.0,1.0986122886681098,2.833213344056216,1.791759469228055
yuccaHR,2020-06-01,"Düsseldorf, Nordrhein-Westfalen,",Düsseldorf,Nordrhein-Westfalen,0,0,0,0,0,0,0,0,0,1,0,0,0,0,0,0,Software,Information Technology,0,1,0,0,0,0,0,0,0,0,0,0,0,1-10,1,0.0,Seed,2021-05-20,0.0,0.0,0.0,yuccaHR helps companies to engage with employees by providing an onboarding workflow automation and matchmaking tool.,Software,yuccaHR Software startup website,26.0,0.0,983.0,500.0,1,0.0,0.0,0.0,0.0,1.22,historical,1.22,0.0,0.0,4,11,2,information_technology,3.295836866004329,0.0,6.891625897052253,6.2166061010848646,0.0,0.0,2.4849066497880004,1.6094379124341003
Hintbox,2020-05-01,"Koblenz, Rheinland-Pfalz, Germany",Koblenz,Rheinland-Pfalz,0,0,0,0,0,0,0,0,0,0,1,0,0,0,0,0,"Information Technology, Internet,",Information Technology,0,1,0,0,0,0,0,0,0,0,0,0,0,11-50,1,0.0,Seed,2021-06-01,0.0,1.0,2.0,Hintbox is a whistleblower system and hinweisgeber system that offer an ombudsman solution.,Information Technology,Hintbox Information Technology startup website,0.0,0.0,1000.0,500.0,1,0.0,0.0,0.0,0.0,1.22,historical,1.22,0.0,0.0,4,13,2,information_technology,0.0,0.0,6.90875477931522,6.2166061010848646,0.0,1.0986122886681098,2.6390573296152584,1.6094379124341003
PosterLab,2020-01-01,"Mainz, Rheinland-Pfalz, Germany",Mainz,Rheinland-Pfalz,0,0,0,0,0,0,0,0,0,0,1,0,0,0,0,0,"Collaboration, Innovation Management,",Information Technology,0,1,0,0,0,0,0,0,0,0,0,0,0,51-100,3,0.0,Seed,2021-06-08,0.0,3.0,3.0,PosterLab provides a cross-organization collaboration platform embedding guidances for partnerships in R&D to succeed.,Collaboration,PosterLab Collaboration startup website,219.0,0.0,1000.0,0.0,0,0.0,0.0,0.0,0.0,1.22,historical,1.22,0.0,0.0,5,17,2,information_technology,5.393627546352362,0.0,6.90875477931522,0.0,0.0,1.3862943611198906,2.8903717578961645,1.791759469228055
OWWN,2021-01-01,"Berlin, Berlin, Germany",Berlin,Berlin,0,0,1,0,0,0,0,0,0,0,0,0,0,0,0,0,"Apps, Banking, Financial Services,,",Information Technology,0,1,0,0,0,0,0,0,0,0,0,0,0,11-50,4,"€5,000,000",Seed,2021-06-10,"€5,000,000",13.0,2.0,OWWN is a banking app that provides a one-stop shop for young adults to manage their finances.,Apps,OWWN Apps startup website,0.0,0.0,0.0,0.0,0,€,5000000.0,€,5000000.0,1.22,historical,1.22,5000000.0,5000000.0,4,5,2,information_technology,0.0,0.0,0.0,0.0,15.424948670398354,1.0986122886681098,1.791759469228055,1.6094379124341003
EqualTo,2020-02-01,"Berlin, Berlin, Germany",Berlin,Berlin,0,0,1,0,0,0,0,0,0,0,0,0,0,0,0,0,"Developer Tools, Information Technology,",Information Technology,0,1,0,0,0,0,0,0,0,0,0,0,0,1-10,3,"€4,530,000",Seed,2021-06-10,"€3,500,000",11.0,1.0,Spreadsheet tooling for the modern stack.,Developer Tools,EqualTo Developer Tools startup website,66.0,0.0,0.0,0.0,0,€,4530000.0,€,3500000.0,1.22,historical,1.22,4530000.0,3500000.0,4,16,2,information_technology,4.204692619390966,0.0,0.0,0.0,15.326232718209745,0.6931471805599453,2.833213344056216,1.6094379124341003
ROQ Technology,2020-08-01,"Berlin, Berlin, Germany",Berlin,Berlin,0,0,1,0,0,0,0,0,0,0,0,0,0,0,0,0,"Information Technology, Software,,,",Information Technology,0,1,0,0,0,0,0,0,0,0,0,0,0,11-50,1,"$10,000,000",Seed,2021-06-14,"$10,000,000",1.0,0.0,ROQ Technology provides functional UI components and APIs for all critical features required to build the web application.,Information Technology,ROQ Technology Information Technology startup website,3775.0,0.0,1000.0,500.0,1,$,10000000.0,$,10000000.0,1.21,historical,1.21,12100000.0,12100000.0,4,10,2,information_technology,8.236420527265391,0.0,6.90875477931522,6.2166061010848646,16.308716093211594,0.0,2.3978952727983707,1.6094379124341003
Meetsales,2020-12-10,"Berlin, Berlin, Germany",Berlin,Berlin,0,0,1,0,0,0,0,0,0,0,0,0,0,0,0,0,"B2B, Data Visualization, Direct Sales,,,,,,,",Industrials,1,0,0,0,0,0,0,0,0,0,0,0,0,1-10,1,"€800,000",Pre-Seed,2021-06-15,"€800,000",8.0,0.0,Meetsales - the only headless video-based web app your B2B sales team needs,B2B,Meetsales B2B startup website,26.0,0.0,695.0,0.0,0,€,800000.0,€,800000.0,1.21,historical,1.21,800000.0,800000.0,4,6,1,industrials,3.295836866004329,0.0,6.54534966033442,0.0,13.592368256649284,0.0,1.9459101490553132,1.6094379124341003
Remi,2021-01-01,"Berlin, Berlin, Germany",Berlin,Berlin,0,0,1,0,0,0,0,0,0,0,0,0,0,0,0,0,"Computer, Software",Information Technology,0,1,0,0,0,0,0,0,0,0,0,0,0,1-10,1,"€1,200,000",Pre-Seed,2021-06-16,"€1,200,000",8.0,3.0,"The culture building platform to help remote teams build connection, easily and effectively. Join the waitlist.",Computer,Remi Computer startup website,0.0,0.0,4000.0,500.0,1,€,1200000.0,€,1200000.0,1.21,historical,1.21,1200000.0,1200000.0,4,5,1,information_technology,0.0,0.0,8.294299608857235,6.2166061010848646,13.997832948091215,1.3862943611198906,1.791759469228055,1.6094379124341003
Laya Technologies,2020-02-01,"Munich, Bayern, Germany",Munich,Bayern,0,1,0,0,0,0,0,0,0,0,0,0,0,0,0,0,"AI, Information Technology,",Information Technology,0,1,0,0,0,0,0,0,0,0,0,0,0,1-10,1,"€4,000,000",Seed,2021-06-23,"€4,000,000",0.0,0.0,"Laya enables dynamic, fully automated vacation packages for travel brands.",AI,Laya Technologies AI startup website,0.0,0.0,2000.0,500.0,1,€,4000000.0,€,4000000.0,1.19,historical,1.19,4000000.0,4000000.0,4,16,2,information_technology,0.0,0.0,7.601402334583733,6.2166061010848646,15.201805169084134,0.0,2.833213344056216,1.6094379124341003
heyvie,2021-05-31,"Karlsruhe, Baden-Wurttemberg,",Karlsruhe,Baden-Wurttemberg,1,0,0,0,0,0,0,0,0,0,0,0,0,0,0,0,"Machine Learning, Neuroscience,",Information Technology,0,1,0,0,0,0,0,0,0,0,0,0,0,1-10,1,"€435,000",Pre-Seed,2021-07-01,"€435,000",2.0,0.0,Imagine a society in which every human could pursue whatever goal they want. Say hey to your new life. Say heyvie.,Machine Learning,heyvie Machine Learning startup website,0.0,0.0,114000.0,500.0,1,€,435000.0,€,435000.0,1.19,historical,1.19,435000.0,435000.0,3,1,1,information_technology,0.0,0.0,11.643962499267984,6.2166061010848646,12.983103608918753,0.0,0.6931471805599453,1.3862943611198906
klaep,2021-06-02,"Freiburg, Baden-Wurttemberg,",Freiburg,Baden-Wurttemberg,1,0,0,0,0,0,0,0,0,0,0,0,0,0,0,0,"Android, Information Technology,,,,,,,,",Information Technology,0,1,0,0,0,0,0,0,0,0,0,0,0,1-10,1,0.0,Pre-Seed,2021-07-01,0.0,2.0,0.0,Mobile Music Collaboration App,Android,klaep Android startup website,0.0,998.0,5000.0,500.0,1,0.0,0.0,0.0,0.0,1.19,historical,1.19,0.0,0.0,3,0,1,information_technology,0.0,6.906754778648554,8.517393171418904,6.2166061010848646,0.0,0.0,0.0,1.3862943611198906
HarvestAi,2020-01-01,"Potsdam, Brandenburg, Germany",Potsdam,Brandenburg,0,0,0,1,0,0,0,0,0,0,0,0,0,0,0,0,"AI, Farming,,",Information Technology,0,1,0,0,0,0,0,0,0,0,0,0,0,11-50,1,"€2,700,000",Seed,2021-07-01,"€2,700,000",0.0,1.0,SaaS for predicting plant growth and optimizing operations in greenhouses.,AI,HarvestAi AI startup website,0.0,0.0,1000.0,500.0,1,€,2700000.0,€,2700000.0,1.19,historical,1.19,2700000.0,2700000.0,5,17,2,information_technology,0.0,0.0,6.90875477931522,6.2166061010848646,14.80876270134486,0.6931471805599453,2.8903717578961645,1.791759469228055
_blaenk,2020-10-01,"Cologne, Nordrhein-Westfalen,",Cologne,Nordrhein-Westfalen,0,0,0,0,0,0,0,0,0,1,0,0,0,0,0,0,"Advertising, Cloud Data Services,,,",Communication Services,0,0,1,0,0,0,0,0,0,0,0,0,0,11-50,2,"$1,733,349",Seed,2021-07-01,"$560,000",5.0,0.0,The the leading Omnichannel RetailTech Startup in Europe.,Advertising,_blaenk Advertising startup website,0.0,0.0,1000.0,500.0,1,$,1733349.0,$,560000.0,1.19,historical,1.19,2062685.31,666400.0,4,8,2,communication_services,0.0,0.0,6.90875477931522,6.2166061010848646,14.539519725232484,0.0,2.1972245773362196,1.6094379124341003
trustkey,2020-01-01,"Kirchheim, Bayern, Germany",Kirchheim,Bayern,0,1,0,0,0,0,0,0,0,0,0,0,0,0,0,0,"Customer Service, Data Management,,,",Industrials,1,0,0,0,0,0,0,0,0,0,0,0,0,1-10,1,0.0,Seed,2021-07-07,0.0,2.0,0.0,"Trustkey is a software company that provides living processes-As-A-Service in one system, driven by templates and improved by metrics.",Customer Service,trustkey Customer Service startup website,197.0,0.0,12.0,448.0,0,0.0,0.0,0.0,0.0,1.18,historical,1.18,0.0,0.0,5,18,2,industrials,5.288267030694535,0.0,2.5649493574615367,6.1070228877422545,0.0,0.0,2.9444389791664403,1.791759469228055
ROADIA,2021-01-01,"Potsdam, Brandenburg, Germany",Potsdam,Brandenburg,0,0,0,1,0,0,0,0,0,0,0,0,0,0,0,0,"Analytics, AI,,",Information Technology,0,1,0,0,0,0,0,0,0,0,0,0,0,11-50,2,"$1,042,279",Pre-Seed,2021-07-29,"$1,000,000",1.0,6.0,ROADIA is a potsdam based company that develops scalable road safety sensors,Analytics,ROADIA Analytics startup website,0.0,0.0,559.0,500.0,1,$,1042279.0,$,1000000.0,1.18,historical,1.18,1229889.22,1180000.0,4,6,1,information_technology,0.0,0.0,6.327936783729195,6.2166061010848646,14.02243547133288,1.9459101490553132,1.9459101490553132,1.6094379124341003
Retalos,2020-01-01,"Berlin, Berlin, Germany",Berlin,Berlin,0,0,1,0,0,0,0,0,0,0,0,0,0,0,0,0,"Information Technology, Retail,",Information Technology,0,1,0,0,0,0,0,0,0,0,0,0,0,1-10,1,0.0,Pre-Seed,2021-08-01,0.0,0.0,0.0,The Next Step for Retail Technology,Information Technology,Retalos Information Technology startup website,0.0,0.0,459.0,500.0,1,0.0,0.0,0.0,0.0,1.19,historical,1.19,0.0,0.0,5,18,1,information_technology,0.0,0.0,6.131226489483141,6.2166061010848646,0.0,0.0,2.9444389791664403,1.791759469228055
Character,2021-08-01,"Emmelshausen, Rheinland-Pfalz,",Emmelshausen,Rheinland-Pfalz,0,0,0,0,0,0,0,0,0,0,1,0,0,0,0,0,"Consumer Software, Social, Software",Information Technology,0,1,0,0,0,0,0,0,0,0,0,0,0,1-10,1,0.0,Pre-Seed,2021-08-02,0.0,1.0,0.0,Friend-finding app based on thought-provoking questions,Consumer Software,Character Consumer Software startup website,0.0,0.0,0.0,0.0,0,0.0,0.0,0.0,0.0,1.19,historical,1.19,0.0,0.0,3,0,1,information_technology,0.0,0.0,0.0,0.0,0.0,0.0,0.0,1.3862943611198906
OOHLEMON,2020-05-28,"Stuttgart, Baden-Wurttemberg,",Stuttgart,Baden-Wurttemberg,1,0,0,0,0,0,0,0,0,0,0,0,0,0,0,0,"Ad Targeting, Advertising, Advertising Platforms,,,",Communication Services,0,0,1,0,0,0,0,0,0,0,0,0,0,11-50,1,0.0,Seed,2021-08-03,0.0,0.0,0.0,OOHLEMON is an advertising company that gives screens to the community and earns a passive income.,Ad Targeting,OOHLEMON Ad Targeting startup website,0.0,0.0,145.0,424.0,0,0.0,0.0,0.0,0.0,1.19,historical,1.19,0.0,0.0,4,14,2,communication_services,0.0,0.0,4.983606621708336,6.052089168924417,0.0,0.0,2.70805020110221,1.6094379124341003
focused ai,2021-08-06,"Ingelheim Am Rhein, Rheinland-Pfalz,",Ingelheim Am Rhein,Rheinland-Pfalz,0,0,0,0,0,0,0,0,0,0,1,0,0,0,0,0,"AI, Information Technology,",Information Technology,0,1,0,0,0,0,0,0,0,0,0,0,0,1-10,1,0.0,Pre-Seed,2021-08-06,0.0,3.0,1.0,AI-powered information distribution hub for construction companies: Making sure that all info finally ends up where it is supposed to be.,AI,focused ai AI startup website,0.0,534.0,6000.0,500.0,1,0.0,0.0,0.0,0.0,1.18,historical,1.18,0.0,0.0,3,0,1,information_technology,0.0,6.282266746896006,8.699681400989514,6.2166061010848646,0.0,0.6931471805599453,0.0,1.3862943611198906
DIDIT,2020-02-01,"Berlin, Berlin, Germany",Berlin,Berlin,0,0,1,0,0,0,0,0,0,0,0,0,0,0,0,0,"Mobile Payments, Payments, Restaurants",Information Technology,0,1,0,0,0,0,0,0,0,0,0,0,0,11-50,2,"€4,000,000",Seed,2021-08-15,"€2,000,000",6.0,0.0,Pay at restaurants whenever and whoever you want - in just 15 seconds.,Mobile Payments,DIDIT Mobile Payments startup website,0.0,0.0,1000.0,0.0,0,€,4000000.0,€,2000000.0,1.18,historical,1.18,4000000.0,2000000.0,4,18,2,information_technology,0.0,0.0,6.90875477931522,0.0,15.201805169084134,0.0,2.9444389791664403,1.6094379124341003
Daliado,2021-04-01,"Berlin, Berlin, Germany",Berlin,Berlin,0,0,1,0,0,0,0,0,0,0,0,0,0,0,0,0,"Blockchain, Cryptocurrency, Real Estate,",Web3/Blockchain,0,0,0,0,0,0,1,0,0,0,0,0,0,11-50,2,"$100,000",Pre-Seed,2021-08-27,"$80,000",0.0,1.0,Flexible tokenized Second Home co-owning,Blockchain,Daliado Blockchain startup website,0.0,0.0,9000.0,500.0,1,$,100000.0,$,80000.0,1.18,historical,1.18,118000.0,94400.0,3,4,1,web3_blockchain,0.0,0.0,9.105090961257085,6.2166061010848646,11.678448377988165,0.6931471805599453,1.6094379124341003,1.3862943611198906
Moving Parts,2021-01-01,"Berlin, Berlin, Germany",Berlin,Berlin,0,0,1,0,0,0,0,0,0,0,0,0,0,0,0,0,"Developer Tools, iOS, Software",Information Technology,0,1,0,0,0,0,0,0,0,0,0,0,0,1-10,1,"$125,000",Pre-Seed,2021-08-31,"$125,000",5.0,0.0,Moving Parts is building a library of reusable UI components for iOS.,Developer Tools,Moving Parts Developer Tools startup website,0.0,0.0,0.0,0.0,0,$,125000.0,$,125000.0,1.18,historical,1.18,147500.0,147500.0,4,7,1,information_technology,0.0,0.0,0.0,0.0,11.901590234400047,0.0,2.0794415416798357,1.6094379124341003
Jungle Program,2020-01-01,"Berlin, Berlin, Germany",Berlin,Berlin,0,0,1,0,0,0,0,0,0,0,0,0,0,0,0,0,"Corporate Training, Education,,",Industrials,1,0,0,0,0,0,0,0,0,0,0,0,0,1-10,2,0.0,Pre-Seed,2021-09-01,0.0,1.0,0.0,Jungle Program helps guide developers through their technical challenges.,Corporate Training,Jungle Program Corporate Training startup website,0.0,0.0,2000.0,500.0,1,0.0,0.0,0.0,0.0,1.18,historical,1.18,0.0,0.0,5,20,1,industrials,0.0,0.0,7.601402334583733,6.2166061010848646,0.0,0.0,3.044522437723423,1.791759469228055
Sled,2021-01-01,"Heidelberg, Baden-Wurttemberg,",Heidelberg,Baden-Wurttemberg,1,0,0,0,0,0,0,0,0,0,0,0,0,0,0,0,"Analytics, Information Technology,",Information Technology,0,1,0,0,0,0,0,0,0,0,0,0,0,11-50,1,"$125,000",Pre-Seed,2021-09-02,"$125,000",1.0,0.0,Sled enables the extraction of metadata and usage data that is not available to exist data catalog solutions.,Analytics,Sled Analytics startup website,0.0,0.0,0.0,0.0,0,$,125000.0,$,125000.0,1.18,historical,1.18,147500.0,147500.0,4,8,1,information_technology,0.0,0.0,0.0,0.0,11.901590234400047,0.0,2.1972245773362196,1.6094379124341003
Lhotse,2020-01-01,"Berlin, Berlin, Germany",Berlin,Berlin,0,0,1,0,0,0,0,0,0,0,0,0,0,0,0,0,"Enterprise Software, Information Technology,,",Information Technology,0,1,0,0,0,0,0,0,0,0,0,0,0,11-50,1,"€5,000,000",Seed,2021-09-13,"€5,000,000",7.0,4.0,Lhotse is an intuitive SaaS platform that automates and simplifies procurement,Enterprise Software,Lhotse Enterprise Software startup website,0.0,0.0,3000.0,500.0,1,€,5000000.0,€,5000000.0,1.18,historical,1.18,5000000.0,5000000.0,5,20,2,information_technology,0.0,0.0,8.006700845440367,6.2166061010848646,15.424948670398354,1.6094379124341003,3.044522437723423,1.791759469228055
Retamo,2020-04-01,"Offenburg, Baden-Wurttemberg,",Offenburg,Baden-Wurttemberg,1,0,0,0,0,0,0,0,0,0,0,0,0,0,0,0,Software,Information Technology,0,1,0,0,0,0,0,0,0,0,0,0,0,1-10,1,0.0,Seed,2021-09-13,0.0,1.0,0.0,"Retamo enables the monitoring, generation, marketing and evaluation of online customer ratings.",Software,Retamo Software startup website,3.0,146.0,649.0,500.0,1,0.0,0.0,0.0,0.0,1.18,historical,1.18,0.0,0.0,4,17,2,information_technology,1.3862943611198906,4.990432586778736,6.476972362889683,6.2166061010848646,0.0,0.0,2.8903717578961645,1.6094379124341003
Kansi Solutions,2021-08-02,"Namborn, Saarland, Germany",Namborn,Saarland,0,0,0,0,0,0,0,0,0,0,0,1,0,0,0,0,"Cryptocurrency, Telecommunications",Financials,0,0,0,0,1,0,0,0,0,0,0,0,0,1-10,1,"$500,000",Pre-Seed,2021-09-15,"$500,000",0.0,2.0,Decentralized Mining Solutions,Cryptocurrency,Kansi Solutions Cryptocurrency startup website,903.0,0.0,0.0,0.0,0,$,500000.0,$,500000.0,1.18,historical,1.18,590000.0,590000.0,3,1,1,financials,6.806829360392176,0.0,0.0,0.0,13.28787951079572,1.0986122886681098,0.6931471805599453,1.3862943611198906
Sub Capitals GmbH,2021-01-01,"Munich, Bayern, Germany",Munich,Bayern,0,1,0,0,0,0,0,0,0,0,0,0,0,0,0,0,"AI, Financial Services,,,",Information Technology,0,1,0,0,0,0,0,0,0,0,0,0,0,1-10,1,0.0,Pre-Seed,2021-09-15,0.0,1.0,6.0,"Sub Capitals vision is to bring more equality to the financial markets. To achieve this, they are enabling AI in every investment process.",AI,Sub Capitals GmbH AI startup website,0.0,626.0,2000.0,500.0,1,0.0,0.0,0.0,0.0,1.18,historical,1.18,0.0,0.0,4,8,1,information_technology,0.0,6.440946540632921,7.601402334583733,6.2166061010848646,0.0,1.9459101490553132,2.1972245773362196,1.6094379124341003
Superbryte,2021-01-01,"Berlin, Berlin, Germany",Berlin,Berlin,0,0,1,0,0,0,0,0,0,0,0,0,0,0,0,0,"Consulting, Education, Software,",Industrials,1,0,0,0,0,0,0,0,0,0,0,0,0,0.0,1,0.0,Pre-Seed,2021-09-20,0.0,1.0,0.0,"Superbryte we are building a universal, digital suite for coaches, teachers, educators and instructors.",Consulting,Superbryte Consulting startup website,0.0,0.0,114000.0,500.0,1,0.0,0.0,0.0,0.0,1.17,historical,1.17,0.0,0.0,4,8,1,industrials,0.0,0.0,11.643962499267984,6.2166061010848646,0.0,0.0,2.1972245773362196,1.6094379124341003
202up,2020-06-01,"Berlin, Berlin, Germany",Berlin,Berlin,0,0,1,0,0,0,0,0,0,0,0,0,0,0,0,0,"Business Development, E-Commerce,,",Industrials,1,0,0,0,0,0,0,0,0,0,0,0,0,1-10,1,"€1,100,000",Seed,2021-09-20,"€1,100,000",1.0,0.0,202up is a B2B (Business-to-Business) E-commerce Platform And E-commerce Software for the Real Estate Market.,Business Development,202up Business Development startup website,0.0,0.0,216.0,478.0,0,€,1100000.0,€,1100000.0,1.17,historical,1.17,1100000.0,1100000.0,4,15,2,industrials,0.0,0.0,5.37989735354046,6.171700597410915,13.910821646859095,0.0,2.772588722239781,1.6094379124341003
tucan.ai,2020-06-01,"Berlin, Berlin, Germany",Berlin,Berlin,0,0,1,0,0,0,0,0,0,0,0,0,0,0,0,0,"Natural Language Processing,,,",Information Technology,0,1,0,0,0,0,0,0,0,0,0,0,0,11-50,2,0.0,Pre-Seed,2021-09-20,0.0,4.0,1.0,Your tool for more productive meetings.,Natural Language Processing,tucan.ai Natural Language Processing startup website,0.0,0.0,2000.0,500.0,1,0.0,0.0,0.0,0.0,1.17,historical,1.17,0.0,0.0,4,15,1,information_technology,0.0,0.0,7.601402334583733,6.2166061010848646,0.0,0.6931471805599453,2.772588722239781,1.6094379124341003
Insightful,2021-01-01,"Berlin, Berlin, Germany",Berlin,Berlin,0,0,1,0,0,0,0,0,0,0,0,0,0,0,0,0,"Digital Entertainment, EdTech,",Communication Services,0,0,1,0,0,0,0,0,0,0,0,0,0,1-10,1,"€170,000",Pre-Seed,2021-09-22,"€170,000",1.0,1.0,Insightful is an application that provides educational videos.,Digital Entertainment,Insightful Digital Entertainment startup website,466.0,0.0,4000.0,500.0,1,€,170000.0,€,170000.0,1.17,historical,1.17,170000.0,170000.0,4,8,1,communication_services,6.1463292576688975,0.0,8.294299608857235,6.2166061010848646,12.04355959836804,0.6931471805599453,2.1972245773362196,1.6094379124341003
Optalio,2020-01-01,"Eschborn, Hessen, Germany",Eschborn,Hessen,0,0,0,0,0,0,1,0,0,0,0,0,0,0,0,0,"Analytics, SaaS, Software",Information Technology,0,1,0,0,0,0,0,0,0,0,0,0,0,11-50,1,"€175,000",Seed,2021-09-28,"€175,000",0.0,0.0,"Optalio is a SaaS and PLM provider for data analysis, process monitoring, and production optimization.",Analytics,Optalio Analytics startup website,0.0,0.0,840.0,500.0,1,€,175000.0,€,175000.0,1.17,historical,1.17,175000.0,175000.0,5,20,2,information_technology,0.0,0.0,6.734591659972948,6.2166061010848646,12.07254696717504,0.0,3.044522437723423,1.791759469228055
emlen,2020-01-01,"Berlin, Berlin, Germany",Berlin,Berlin,0,0,1,0,0,0,0,0,0,0,0,0,0,0,0,0,"B2B, E-Commerce Platforms, Sales,",Industrials,1,0,0,0,0,0,0,0,0,0,0,0,0,11-50,2,"$5,400,000",Seed,2021-09-30,"$4,200,000",2.0,0.0,emlen is a first-buyer enablement platform that enables business-to-business clients to create visually appealing digital sales rooms.,B2B,emlen B2B startup website,0.0,0.0,4000.0,500.0,1,$,5400000.0,$,4200000.0,1.16,historical,1.16,6264000.0,4872000.0,5,20,2,industrials,0.0,0.0,8.294299608857235,6.2166061010848646,15.650329676295165,0.0,3.044522437723423,1.791759469228055
Aparkado,2020-02-07,"Cologne, Nordrhein-Westfalen,",Cologne,Nordrhein-Westfalen,0,0,0,0,0,0,0,0,0,1,0,0,0,0,0,0,"Logistics, Software, Supply Chain Management",Industrials,1,0,0,0,0,0,0,0,0,0,0,0,0,11-50,1,0.0,Pre-Seed,2021-10-01,0.0,0.0,0.0,We launched the LKW.APP to empower truck drivers in their everyday life by leveraging an innovative app.,Logistics,Aparkado Logistics startup website,0.0,879.0,0.0,0.0,0,0.0,0.0,0.0,0.0,1.16,historical,1.16,0.0,0.0,4,19,1,industrials,0.0,6.779921907472252,0.0,0.0,0.0,0.0,2.995732273553991,1.6094379124341003
tantum sana GmbH,2021-10-01,"Pfungstadt, Hessen, Germany",Pfungstadt,Hessen,0,0,0,0,0,0,1,0,0,0,0,0,0,0,0,0,"Apps, Assisted Living, Consumer Electronics,,,,,",Information Technology,0,1,0,0,0,0,0,0,0,0,0,0,0,11-50,1,"€3,400,000",Seed,2021-10-01,"€3,400,000",0.0,3.0,Tantum sana provides a smart medication dispenser for elderly people and their caregivers.,Apps,tantum sana GmbH Apps startup website,0.0,0.0,346.0,500.0,1,€,3400000.0,€,3400000.0,1.16,historical,1.16,3400000.0,3400000.0,3,0,2,information_technology,0.0,0.0,5.849324779946859,6.2166061010848646,15.039286283703994,1.3862943611198906,0.0,1.3862943611198906
ACTIMI,2021-06-30,"Stuttgart, Baden-Wurttemberg,",Stuttgart,Baden-Wurttemberg,1,0,0,0,0,0,0,0,0,0,0,0,0,0,0,0,"Health Care, Medical Device, Software",Health Care,0,0,0,0,0,0,0,1,0,0,0,0,0,11-50,2,"€378,000",Pre-Seed,2021-10-04,"€200,000",0.0,0.0,ACTIMI develops a remote patient monitoring platform for chronic diseases.,Health Care,ACTIMI Health Care startup website,0.0,0.0,3000.0,500.0,1,€,378000.0,€,200000.0,1.16,historical,1.16,378000.0,200000.0,3,3,1,health_care,0.0,0.0,8.006700845440367,6.2166061010848646,12.84265212010087,0.0,1.3862943611198906,1.3862943611198906
goCAD,2021-09-06,"Stuttgart, Baden-Wurttemberg,",Stuttgart,Baden-Wurttemberg,1,0,0,0,0,0,0,0,0,0,0,0,0,0,0,0,"E-Commerce Platforms, Manufacturing,,",Information Technology,0,1,0,0,0,0,0,0,0,0,0,0,0,1-10,1,0.0,Pre-Seed,2021-10-05,0.0,1.0,0.0,The plug & play SaaS order portal for CNC manufacturers with instant price quotes.,E-Commerce Platforms,goCAD E-Commerce Platforms startup website,0.0,0.0,356.0,456.0,0,0.0,0.0,0.0,0.0,1.16,historical,1.16,0.0,0.0,3,0,1,information_technology,0.0,0.0,5.877735781779639,6.124683390894205,0.0,0.0,0.0,1.3862943611198906
xRouten,2020-01-01,"Berlin, Berlin, Germany",Berlin,Berlin,0,0,1,0,0,0,0,0,0,0,0,0,0,0,0,0,"Mobile Apps, Navigation, SaaS",Information Technology,0,1,0,0,0,0,0,0,0,0,0,0,0,0.0,1,0.0,Seed,2021-10-06,0.0,1.0,0.0,The delivery planner for professionals.,Mobile Apps,xRouten Mobile Apps startup website,0.0,0.0,0.0,0.0,0,0.0,0.0,0.0,0.0,1.16,historical,1.16,0.0,0.0,5,21,2,information_technology,0.0,0.0,0.0,0.0,0.0,0.0,3.091042453358316,1.791759469228055
Swap Kiwi,2021-01-01,"Munich, Bayern, Germany",Munich,Bayern,0,1,0,0,0,0,0,0,0,0,0,0,0,0,0,0,"Blockchain, Cryptocurrency, Financial Services,,",Web3/Blockchain,0,0,0,0,0,0,1,0,0,0,0,0,0,0.0,1,0.0,Pre-Seed,2021-10-10,0.0,1.0,0.0,Swap Kiwi is an NFT swapping platform that aims to make NFT exchanges simpler.,Blockchain,Swap Kiwi Blockchain startup website,1541.0,0.0,0.0,0.0,0,0.0,0.0,0.0,0.0,1.16,historical,1.16,0.0,0.0,4,9,1,web3_blockchain,7.340835554123275,0.0,0.0,0.0,0.0,0.0,2.302585092994046,1.6094379124341003
CURE,2020-10-30,"Berlin, Berlin, Germany",Berlin,Berlin,0,0,1,0,0,0,0,0,0,0,0,0,0,0,0,0,"Accounting, Banking, Billing, Finance,,,",Financials,0,0,0,0,1,0,0,0,0,0,0,0,0,1-10,1,"€1,400,000",Seed,2021-10-11,"€1,400,000",3.0,3.0,CURE - Digital Banking for Health Professionals,Accounting,CURE Accounting startup website,0.0,0.0,0.0,0.0,0,€,1400000.0,€,1400000.0,1.16,historical,1.16,1400000.0,1400000.0,4,11,2,financials,0.0,0.0,0.0,0.0,14.151983508870947,1.3862943611198906,2.4849066497880004,1.6094379124341003
Coinformation,2021-01-01,"Düsseldorf, Nordrhein-Westfalen,",Düsseldorf,Nordrhein-Westfalen,0,0,0,0,0,0,0,0,0,1,0,0,0,0,0,0,"Financial Services, Information Technology,,",Financials,0,0,0,0,1,0,0,0,0,0,0,0,0,1-10,1,0.0,Pre-Seed,2021-10-12,0.0,0.0,0.0,Coinformation brings transparency into the crypto world to help its customers make better investment decisions.,Financial Services,Coinformation Financial Services startup website,0.0,0.0,281.0,500.0,1,0.0,0.0,0.0,0.0,1.16,historical,1.16,0.0,0.0,4,9,1,financials,0.0,0.0,5.641907070938114,6.2166061010848646,0.0,0.0,2.302585092994046,1.6094379124341003
koppla,2020-04-21,"Potsdam, Brandenburg, Germany",Potsdam,Brandenburg,0,0,0,1,0,0,0,0,0,0,0,0,0,0,0,0,"Construction, Real Estate, SaaS,",Industrials,1,0,0,0,0,0,0,0,0,0,0,0,0,11-50,2,"€1,600,000",Seed,2021-10-14,"€1,600,000",3.0,1.0,koppla is the intuitive construction schedule that turns chaos into ease.,Construction,koppla Construction startup website,0.0,0.0,4000.0,500.0,1,€,1600000.0,€,1600000.0,1.16,historical,1.16,1600000.0,1600000.0,4,17,2,industrials,0.0,0.0,8.294299608857235,6.2166061010848646,14.285514812209815,0.6931471805599453,2.8903717578961645,1.6094379124341003
Flash,2021-10-14,"Berlin, Berlin, Germany",Berlin,Berlin,0,0,1,0,0,0,0,0,0,0,0,0,0,0,0,0,"Apps, E-Commerce, Internet, Mobile Payments,,",Information Technology,0,1,0,0,0,0,0,0,0,0,0,0,0,1-10,1,"€500,000",Pre-Seed,2021-10-14,"€500,000",1.0,1.0,Flash helps brands create the mobile shopping for their customers in both the digital and the physicalworld.,Apps,Flash Apps startup website,71.0,0.0,8000.0,500.0,1,€,500000.0,€,500000.0,1.16,historical,1.16,500000.0,500000.0,3,0,1,information_technology,4.276666119016055,0.0,8.987321812850125,6.2166061010848646,13.122365377402328,0.6931471805599453,0.0,1.3862943611198906
propertunity.ai,2021-10-04,"Frankfurt, Hessen, Germany",Frankfurt,Hessen,0,0,0,0,0,0,1,0,0,0,0,0,0,0,0,0,AI,Information Technology,0,1,0,0,0,0,0,0,0,0,0,0,0,1-10,1,0.0,Pre-Seed,2021-10-14,0.0,1.0,0.0,The world's first tool for automated property search for real estate development based on artificial intelligence,AI,propertunity.ai AI startup website,0.0,0.0,0.0,0.0,0,0.0,0.0,0.0,0.0,1.16,historical,1.16,0.0,0.0,3,0,1,information_technology,0.0,0.0,0.0,0.0,0.0,0.0,0.0,1.3862943611198906
fina,2020-10-01,"Berlin, Berlin, Germany",Berlin,Berlin,0,0,1,0,0,0,0,0,0,0,0,0,0,0,0,0,"Financial Services, FinTech, Software,",Financials,0,0,0,0,1,0,0,0,0,0,0,0,0,11-50,1,0.0,Pre-Seed,2021-10-19,0.0,11.0,3.0,fina is the simplest wallet interface for beginners to start exploring crypto and DeFi safely.,Financial Services,fina Financial Services startup website,0.0,0.0,755.0,500.0,1,0.0,0.0,0.0,0.0,1.16,historical,1.16,0.0,0.0,4,12,1,financials,0.0,0.0,6.628041376179533,6.2166061010848646,0.0,1.3862943611198906,2.5649493574615367,1.6094379124341003
Alocai,2021-03-01,"Berlin, Berlin, Germany",Berlin,Berlin,0,0,1,0,0,0,0,0,0,0,0,0,0,0,0,0,"AI, Software",Information Technology,0,1,0,0,0,0,0,0,0,0,0,0,0,11-50,1,0.0,Pre-Seed,2021-10-21,0.0,1.0,0.0,Alocai is an end-to-end game localization platform that integrates human creativity and AI to deliver superior gaming experiences.,AI,Alocai AI startup website,18.0,0.0,905.0,500.0,1,0.0,0.0,0.0,0.0,1.17,historical,1.17,0.0,0.0,3,7,1,information_technology,2.9444389791664403,0.0,6.80903930604298,6.2166061010848646,0.0,0.0,2.0794415416798357,1.3862943611198906
Y42,2020-01-01,"Berlin, Berlin, Germany",Berlin,Berlin,0,0,1,0,0,0,0,0,0,0,0,0,0,0,0,0,"Analytics, Business Intelligence,,,,",Information Technology,0,1,0,0,0,0,0,0,0,0,0,0,0,51-100,2,"$33,900,000",Series A,2021-10-25,"$31,000,000",4.0,11.0,Y42 is the first fully managed Modern DataOps Cloud for production-ready data pipelines on top of Google BigQuery and Snowflake.,Analytics,Y42 Analytics startup website,0.0,0.0,8000.0,500.0,1,$,33900000.0,$,31000000.0,1.16,historical,1.16,39324000.0,35960000.0,5,21,3,information_technology,0.0,0.0,8.987321812850125,6.2166061010848646,17.487345602898714,2.4849066497880004,3.091042453358316,1.791759469228055
Value Cloud,2021-10-25,"Kaiserslautern, Rheinland-Pfalz,",Kaiserslautern,Rheinland-Pfalz,0,0,0,0,0,0,0,0,0,0,1,0,0,0,0,0,"AI, Cloud Management,,",Information Technology,0,1,0,0,0,0,0,0,0,0,0,0,0,1-10,1,0.0,Pre-Seed,2021-10-25,0.0,1.0,0.0,We stand for holistic value creation with open source cloud and AI technology.,AI,Value Cloud AI startup website,0.0,0.0,366.0,290.0,0,0.0,0.0,0.0,0.0,1.16,historical,1.16,0.0,0.0,3,0,1,information_technology,0.0,0.0,5.905361848054571,5.673323267171493,0.0,0.0,0.0,1.3862943611198906
Goldn,2021-02-01,"Heidelberg, Baden-Wurttemberg,",Heidelberg,Baden-Wurttemberg,1,0,0,0,0,0,0,0,0,0,0,0,0,0,0,0,"Chemical, Cosmetics, SaaS",Materials,0,0,0,0,0,0,0,0,1,0,0,0,0,11-50,1,"€1,200,000",Pre-Seed,2021-10-31,"€1,200,000",0.0,2.0,Goldn provides a digital ecosystem connecting brands and suppliers in order to optimize the cosmetics production workflow.,Chemical,Goldn Chemical startup website,0.0,372.0,0.0,0.0,0,€,1200000.0,€,1200000.0,1.16,historical,1.16,1200000.0,1200000.0,3,8,1,materials,0.0,5.921578419643816,0.0,0.0,13.997832948091215,1.0986122886681098,2.1972245773362196,1.3862943611198906
AreaOne,2021-01-01,"Berlin, Berlin, Germany",Berlin,Berlin,0,0,1,0,0,0,0,0,0,0,0,0,0,0,0,0,"Big Data, Data Integration, Real Estate,,",Information Technology,0,1,0,0,0,0,0,0,0,0,0,0,0,1-10,2,"€346,000",Seed,2021-11-01,"€250,000",2.0,0.0,Matchingmaking for your perfect home,Big Data,AreaOne Big Data startup website,0.0,0.0,118.0,500.0,1,€,346000.0,€,250000.0,1.16,historical,1.16,346000.0,250000.0,4,9,2,information_technology,0.0,0.0,4.77912349311153,6.2166061010848646,12.754196944209095,0.0,2.302585092994046,1.6094379124341003
FRATCH,2021-11-01,"Munich, Bayern, Germany",Munich,Bayern,0,1,0,0,0,0,0,0,0,0,0,0,0,0,0,0,"AI, B2B,,",Information Technology,0,1,0,0,0,0,0,0,0,0,0,0,0,1-10,1,0.0,Pre-Seed,2021-11-01,0.0,0.0,1.0,"Your AI Assistant to find freelancers and interim managers in seconds – no recruiter calls needed, legally compliant, and cost-efficient",AI,FRATCH AI startup website,0.0,0.0,3000.0,500.0,1,0.0,0.0,0.0,0.0,1.16,historical,1.16,0.0,0.0,3,0,1,information_technology,0.0,0.0,8.006700845440367,6.2166061010848646,0.0,0.6931471805599453,0.0,1.3862943611198906
oestreicher,2021-10-18,"Heidenheim, Baden-Wurttemberg,",Heidenheim,Baden-Wurttemberg,1,0,0,0,0,0,0,0,0,0,0,0,0,0,0,0,"AI, EdTech,,",Information Technology,0,1,0,0,0,0,0,0,0,0,0,0,0,1-10,1,0.0,Pre-Seed,2021-11-01,0.0,0.0,0.0,EdTech Services for Children,AI,oestreicher AI startup website,0.0,0.0,98.0,500.0,1,0.0,0.0,0.0,0.0,1.16,historical,1.16,0.0,0.0,3,0,1,information_technology,0.0,0.0,4.59511985013459,6.2166061010848646,0.0,0.0,0.0,1.3862943611198906
Unifai,2020-10-01,"Muenchen, Bayern, Germany",Muenchen,Bayern,0,1,0,0,0,0,0,0,0,0,0,0,0,0,0,0,"Management Information Systems,,,",Information Technology,0,1,0,0,0,0,0,0,0,0,0,0,0,1-10,2,"€1,100,000",Seed,2021-11-01,"€900,000",2.0,0.0,Unifai offers a SaaS solution to help hospitality providers to digitalize their hotel.,Management Information Systems,Unifai Management Information Systems startup website,55.0,0.0,8000.0,500.0,1,€,1100000.0,€,900000.0,1.16,historical,1.16,1100000.0,900000.0,4,13,2,information_technology,4.02535169073515,0.0,8.987321812850125,6.2166061010848646,13.910821646859095,0.0,2.6390573296152584,1.6094379124341003
Avelios Medical,2020-09-11,"Munich, Bayern, Germany",Munich,Bayern,0,1,0,0,0,0,0,0,0,0,0,0,0,0,0,0,"Health Care, Software",Health Care,0,0,0,0,0,0,0,1,0,0,0,0,0,51-100,1,"€2,000,000",Seed,2021-11-02,"€2,000,000",2.0,1.0,Modular hospital platform that digitizes and optimizes all processes in hospitals in a user-friendly way.,Health Care,Avelios Medical Health Care startup website,0.0,0.0,3000.0,500.0,1,€,2000000.0,€,2000000.0,1.16,historical,1.16,2000000.0,2000000.0,4,13,2,health_care,0.0,0.0,8.006700845440367,6.2166061010848646,14.508658238524095,0.6931471805599453,2.6390573296152584,1.6094379124341003
TravelPlaylist - Travel Social Media,2020-01-01,"Berlin, Berlin, Germany",Berlin,Berlin,0,0,1,0,0,0,0,0,0,0,0,0,0,0,0,0,Software,Information Technology,0,1,0,0,0,0,0,0,0,0,0,0,0,1-10,3,"$6,000,000",Seed,2021-11-04,"$3,000,000",4.0,0.0,Social Media,Software,TravelPlaylist - Travel Social Media Software startup website,0.0,0.0,0.0,0.0,0,$,6000000.0,$,3000000.0,1.16,historical,1.16,6959999.999999999,3479999.9999999995,5,22,2,information_technology,0.0,0.0,0.0,0.0,15.755690175988752,0.0,3.1354942159291497,1.791759469228055
DropStar,2021-01-01,"Berlin, Berlin, Germany",Berlin,Berlin,0,0,1,0,0,0,0,0,0,0,0,0,0,0,0,0,"Cryptocurrency, Marketplace,",Financials,0,0,0,0,1,0,0,0,0,0,0,0,0,1-10,1,"€170,000",Pre-Seed,2021-11-10,"€170,000",1.0,0.0,DropStar is a social token platform and marketplace for curated music drops.,Cryptocurrency,DropStar Cryptocurrency startup website,0.0,90.0,451.0,500.0,1,€,170000.0,€,170000.0,1.16,historical,1.16,170000.0,170000.0,4,10,1,financials,0.0,4.51085950651685,6.113682179832232,6.2166061010848646,12.04355959836804,0.0,2.3978952727983707,1.6094379124341003
Endaxis,2021-09-28,"Düsseldorf, Nordrhein-Westfalen,",Düsseldorf,Nordrhein-Westfalen,0,0,0,0,0,0,0,0,0,1,0,0,0,0,0,0,"Information Technology, Software",Information Technology,0,1,0,0,0,0,0,0,0,0,0,0,0,1-10,1,"€4,000,000",Series A,2021-11-10,"€4,000,000",0.0,0.0,Endaxis offers solutions for data science and software engineering recruitment.,Information Technology,Endaxis Information Technology startup website,0.0,41.0,31000.0,500.0,1,€,4000000.0,€,4000000.0,1.16,historical,1.16,4000000.0,4000000.0,3,1,3,information_technology,0.0,3.7376696182833684,10.34177474101152,6.2166061010848646,15.201805169084134,0.0,0.6931471805599453,1.3862943611198906
Balanced - the Relationship app,2021-04-16,"Berlin, Berlin, Germany",Berlin,Berlin,0,0,1,0,0,0,0,0,0,0,0,0,0,0,0,0,"Apps, Mental Health, Wellness",Information Technology,0,1,0,0,0,0,0,0,0,0,0,0,0,11-50,1,"€1,000,000",Pre-Seed,2021-11-15,"€1,000,000",0.0,0.0,"Balanced Family provides knowledge, skills, motivation, and support to build, manage and enjoy relationships",Apps,Balanced - the Relationship app Apps startup website,4919.0,238000.0,1000.0,500.0,1,€,1000000.0,€,1000000.0,1.14,historical,1.14,1000000.0,1000000.0,3,6,1,information_technology,8.501063809486354,12.380030154325457,6.90875477931522,6.2166061010848646,13.815511557963774,0.0,1.9459101490553132,1.3862943611198906
PLAN3T,2020-05-20,"Hamburg, Hamburg, Germany",Hamburg,Hamburg,0,0,0,0,0,1,0,0,0,0,0,0,0,0,0,0,"Consumer, FinTech, Mobile Apps",Consumer Discretionary,0,0,0,0,0,1,0,0,0,0,0,0,0,1-10,1,"€750,000",Pre-Seed,2021-11-16,"€750,000",3.0,1.0,PLAN3T is a fintech that helps consumers to save money and CO2 by connecting their bank account with our app.,Consumer,PLAN3T Consumer startup website,0.0,3860.0,2000.0,500.0,1,€,750000.0,€,750000.0,1.14,historical,1.14,750000.0,750000.0,4,17,1,consumer_discretionary,0.0,8.258681496264236,7.601402334583733,6.2166061010848646,13.527829818844937,0.6931471805599453,2.8903717578961645,1.6094379124341003
Ventecon,2020-10-01,"Karlsruhe, Baden-Wurttemberg,",Karlsruhe,Baden-Wurttemberg,1,0,0,0,0,0,0,0,0,0,0,0,0,0,0,0,"AI, B2B,,",Information Technology,0,1,0,0,0,0,0,0,0,0,0,0,0,1-10,1,0.0,Pre-Seed,2021-11-17,0.0,1.0,0.0,The AI Co-worker for Product Managers,AI,Ventecon AI startup website,0.0,0.0,1000.0,500.0,1,0.0,0.0,0.0,0.0,1.13,historical,1.13,0.0,0.0,4,13,1,information_technology,0.0,0.0,6.90875477931522,6.2166061010848646,0.0,0.0,2.6390573296152584,1.6094379124341003
Clustered,2021-05-01,"Berlin, Berlin, Germany",Berlin,Berlin,0,0,1,0,0,0,0,0,0,0,0,0,0,0,0,0,"Business Development, Communities,,",Industrials,1,0,0,0,0,0,0,0,0,0,0,0,0,1-10,1,0.0,Pre-Seed,2021-11-20,0.0,0.0,0.0,We're making learning social.,Business Development,Clustered Business Development startup website,0.0,0.0,2000.0,500.0,1,0.0,0.0,0.0,0.0,1.13,historical,1.13,0.0,0.0,3,6,1,industrials,0.0,0.0,7.601402334583733,6.2166061010848646,0.0,0.0,1.9459101490553132,1.3862943611198906
Jina AI,2020-02-01,"Berlin, Berlin, Germany",Berlin,Berlin,0,0,1,0,0,0,0,0,0,0,0,0,0,0,0,0,"AI, Cloud Data Services,,,",Information Technology,0,1,0,0,0,0,0,0,0,0,0,0,0,11-50,3,"$37,500,000",Series A,2021-11-22,"$30,000,000",5.0,24.0,Empowering businesses and developers to build neural search solutions in minutes at scale.,AI,Jina AI AI startup website,0.0,0.0,0.0,0.0,0,$,37500000.0,$,30000000.0,1.13,historical,1.13,42374999.99999999,33900000.0,4,21,3,information_technology,0.0,0.0,0.0,0.0,17.562069147263706,3.2188758248682006,3.091042453358316,1.6094379124341003
Collato,2020-01-01,"Berlin, Berlin, Germany",Berlin,Berlin,0,0,1,0,0,0,0,0,0,0,0,0,0,0,0,0,"B2B, SaaS, Software",Industrials,1,0,0,0,0,0,0,0,0,0,0,0,0,11-50,1,"€4,200,000",Seed,2021-11-24,"€4,200,000",4.0,2.0,"Collato, a smart notetaker for busy people.",B2B,Collato B2B startup website,1707.0,133.0,2000.0,500.0,1,€,4200000.0,€,4200000.0,1.12,historical,1.12,4200000.0,4200000.0,5,22,2,industrials,7.443078374348516,4.897839799950911,7.601402334583733,6.2166061010848646,15.250595321348806,1.0986122886681098,3.1354942159291497,1.791759469228055
Abc Doc,2020-01-01,"Berlin, Berlin, Germany",Berlin,Berlin,0,0,1,0,0,0,0,0,0,0,0,0,0,0,0,0,"Information Technology, Legal Tech,",Information Technology,0,1,0,0,0,0,0,0,0,0,0,0,0,11-50,1,"€500,000",Seed,2021-11-25,"€500,000",1.0,0.0,"Abc Doc is a web-based service that recognizes bureaucratic letters, provides a summary, and suggests next steps.",Information Technology,Abc Doc Information Technology startup website,0.0,0.0,77.0,500.0,1,€,500000.0,€,500000.0,1.12,historical,1.12,500000.0,500000.0,5,22,2,information_technology,0.0,0.0,4.356708826689592,6.2166061010848646,13.122365377402328,0.0,3.1354942159291497,1.791759469228055
Token Fabrik,2020-01-01,"Stuttgart, Baden-Wurttemberg,",Stuttgart,Baden-Wurttemberg,1,0,0,0,0,0,0,0,0,0,0,0,0,0,0,0,"Blockchain, Cryptocurrency, FinTech,,",Web3/Blockchain,0,0,0,0,0,0,1,0,0,0,0,0,0,1-10,2,"$1,550,000",Series A,2021-11-26,"$1,500,000",2.0,0.0,Tokenfabrik enables digital investments in industrial IoT assets with the power of DeFi.,Blockchain,Token Fabrik Blockchain startup website,0.0,669.0,3000.0,500.0,1,$,1550000.0,$,1500000.0,1.12,historical,1.12,1736000.0000000002,1680000.0000000002,5,22,3,web3_blockchain,0.0,6.507277712385012,8.006700845440367,6.2166061010848646,14.367094750239133,0.0,3.1354942159291497,1.791759469228055
Bringman,2020-01-01,"Offenburg, Baden-Wurttemberg,",Offenburg,Baden-Wurttemberg,1,0,0,0,0,0,0,0,0,0,0,0,0,0,0,0,"Apps, Delivery, Food Delivery,",Information Technology,0,1,0,0,0,0,0,0,0,0,0,0,0,11-50,1,"€1,000,000",Seed,2021-11-29,"€1,000,000",1.0,0.0,Bringman purchases goods in Edeka stores and delivers them to the doorstep.,Apps,Bringman Apps startup website,0.0,0.0,331.0,500.0,1,€,1000000.0,€,1000000.0,1.13,historical,1.13,1000000.0,1000000.0,5,22,2,information_technology,0.0,0.0,5.805134968916488,6.2166061010848646,13.815511557963774,0.0,3.1354942159291497,1.791759469228055
Kwest,2021-01-01,"Berlin, Berlin, Germany",Berlin,Berlin,0,0,1,0,0,0,0,0,0,0,0,0,0,0,0,0,Software,Information Technology,0,1,0,0,0,0,0,0,0,0,0,0,0,1-10,1,0.0,Pre-Seed,2021-11-29,0.0,3.0,4.0,"Renewable energy installers use Kwest to create visibility across their projects, optimize day-to-day operations, and automate manual tasks.",Software,Kwest Software startup website,0.0,0.0,0.0,0.0,0,0.0,0.0,0.0,0.0,1.13,historical,1.13,0.0,0.0,4,10,1,information_technology,0.0,0.0,0.0,0.0,0.0,1.6094379124341003,2.3978952727983707,1.6094379124341003
Thermosphr,2020-01-01,"Berlin, Berlin, Germany",Berlin,Berlin,0,0,1,0,0,0,0,0,0,0,0,0,0,0,0,0,"Commercial Real Estate, Energy Efficiency,,,,,,,",Real Estate,0,0,0,1,0,0,0,0,0,0,0,0,0,11-50,1,0.0,Seed,2021-11-30,0.0,4.0,1.0,Energy autopilot for commercial buildings,Commercial Real Estate,Thermosphr Commercial Real Estate startup website,1.0,0.0,6000.0,500.0,1,0.0,0.0,0.0,0.0,1.13,historical,1.13,0.0,0.0,5,22,2,real_estate,0.6931471805599453,0.0,8.699681400989514,6.2166061010848646,0.0,0.6931471805599453,3.1354942159291497,1.791759469228055
EasyQuant,2021-01-22,"Berlin, Berlin, Germany",Berlin,Berlin,0,0,1,0,0,0,0,0,0,0,0,0,0,0,0,0,"FinTech, Software, Trading Platform",Information Technology,0,1,0,0,0,0,0,0,0,0,0,0,0,1-10,1,0.0,Pre-Seed,2021-12-01,0.0,1.0,0.0,The first broker that gives you feedback and recommendations,FinTech,EasyQuant FinTech startup website,0.0,0.0,130.0,225.0,0,0.0,0.0,0.0,0.0,1.13,historical,1.13,0.0,0.0,4,10,1,information_technology,0.0,0.0,4.875197323201151,5.420534999272286,0.0,0.0,2.3978952727983707,1.6094379124341003
Dance Masterclass,2021-01-01,"Berlin, Berlin, Germany",Berlin,Berlin,0,0,1,0,0,0,0,0,0,0,0,0,0,0,0,0,"E-Learning, Education, Training",Consumer Discretionary,0,0,0,0,0,1,0,0,0,0,0,0,0,1-10,1,0.0,Pre-Seed,2021-12-01,0.0,1.0,0.0,Dance Masterclass is an online dance training platform that allows anyone to learn from the dancers and choreographers in the world.,E-Learning,Dance Masterclass E-Learning startup website,0.0,0.0,0.0,0.0,0,0.0,0.0,0.0,0.0,1.13,historical,1.13,0.0,0.0,4,10,1,consumer_discretionary,0.0,0.0,0.0,0.0,0.0,0.0,2.3978952727983707,1.6094379124341003
Newsbriefs,2021-10-01,"Berlin, Berlin, Germany",Berlin,Berlin,0,0,1,0,0,0,0,0,0,0,0,0,0,0,0,0,"Digital Media, Internet, News, Software",Communication Services,0,0,1,0,0,0,0,0,0,0,0,0,0,11-50,1,"€160,000",Pre-Seed,2021-12-01,"€160,000",0.0,1.0,Newsbriefs is a mobile news app that offers relevant news in 70-word summaries.,Digital Media,Newsbriefs Digital Media startup website,0.0,0.0,7000.0,500.0,1,€,160000.0,€,160000.0,1.13,historical,1.13,160000.0,160000.0,3,2,1,communication_services,0.0,0.0,8.853808274977197,6.2166061010848646,11.982935344196433,0.6931471805599453,1.0986122886681098,1.3862943611198906
ramblr.ai,2021-01-01,"Pullach Im Isartal, Bayern, Germany",Pullach Im Isartal,Bayern,0,1,0,0,0,0,0,0,0,0,0,0,0,0,0,0,"AI, Augmented Reality,,,",Information Technology,0,1,0,0,0,0,0,0,0,0,0,0,0,11-50,1,0.0,Seed,2021-12-13,0.0,2.0,1.0,Ramblr creates an AI-driven data pipeline to enable next-generation augmented reality.,AI,ramblr.ai AI startup website,0.0,0.0,818.0,500.0,1,0.0,0.0,0.0,0.0,1.13,historical,1.13,0.0,0.0,4,11,2,information_technology,0.0,0.0,6.70808408385307,6.2166061010848646,0.0,0.6931471805599453,2.4849066497880004,1.6094379124341003
up.lftd,2021-07-20,"Berlin, Berlin, Germany",Berlin,Berlin,0,0,1,0,0,0,0,0,0,0,0,0,0,0,0,0,"Human Resources, SaaS, Software",Industrials,1,0,0,0,0,0,0,0,0,0,0,0,0,1-10,1,0.0,Pre-Seed,2021-12-13,0.0,1.0,0.0,"SaaS for feedback, performance management and people development",Human Resources,up.lftd Human Resources startup website,0.0,0.0,458.0,69.0,0,0.0,0.0,0.0,0.0,1.13,historical,1.13,0.0,0.0,3,4,1,industrials,0.0,0.0,6.129050210060545,4.248495242049359,0.0,0.0,1.6094379124341003,1.3862943611198906
Mitigant,2021-06-01,"Potsdam, Brandenburg, Germany",Potsdam,Brandenburg,0,0,0,1,0,0,0,0,0,0,0,0,0,0,0,0,"AI, Cloud Computing,,,,",Information Technology,0,1,0,0,0,0,0,0,0,0,0,0,0,1-10,1,0.0,Seed,2021-12-14,0.0,3.0,4.0,"Mitigant provides a Cloud-Native Security Platform that integrates Cloud Attack Emulation, Cloud & Kubernetes Security Posture Management.",AI,Mitigant AI startup website,77.0,0.0,2000.0,500.0,1,0.0,0.0,0.0,0.0,1.13,historical,1.13,0.0,0.0,3,6,2,information_technology,4.356708826689592,0.0,7.601402334583733,6.2166061010848646,0.0,1.6094379124341003,1.9459101490553132,1.3862943611198906
Xpoli,2020-01-01,"Nuremberg, Bayern, Germany",Nuremberg,Bayern,0,1,0,0,0,0,0,0,0,0,0,0,0,0,0,0,"AI, Sales,",Information Technology,0,1,0,0,0,0,0,0,0,0,0,0,0,1-10,2,0.0,Seed,2021-12-14,0.0,2.0,0.0,Xpoli ai based software company that uses sensor technology for passenger transport systems.,AI,Xpoli AI startup website,0.0,0.0,579.0,500.0,1,0.0,0.0,0.0,0.0,1.13,historical,1.13,0.0,0.0,5,23,2,information_technology,0.0,0.0,6.363028103540465,6.2166061010848646,0.0,0.0,3.1780538303479458,1.791759469228055
Perkio,2021-01-01,"Berlin, Berlin, Germany",Berlin,Berlin,0,0,1,0,0,0,0,0,0,0,0,0,0,0,0,0,Software,Information Technology,0,1,0,0,0,0,0,0,0,0,0,0,0,1-10,1,0.0,Pre-Seed,2021-12-17,0.0,1.0,0.0,Perkio is a platform that helps companies and employees create and improve wellbeing while keeping personal data anonymized.,Software,Perkio Software startup website,0.0,0.0,0.0,0.0,0,0.0,0.0,0.0,0.0,1.13,historical,1.13,0.0,0.0,4,11,1,information_technology,0.0,0.0,0.0,0.0,0.0,0.0,2.4849066497880004,1.6094379124341003
Fanblast,2021-01-02,"Hamburg, Hamburg, Germany",Hamburg,Hamburg,0,0,0,0,0,1,0,0,0,0,0,0,0,0,0,0,"Content Creators, SaaS, Social CRM",Communication Services,0,0,1,0,0,0,0,0,0,0,0,0,0,11-50,1,"€1,400,000",Pre-Seed,2021-12-22,"€1,400,000",0.0,0.0,Fanblast is a SaaS for creators and brands to engage and monetize fans in the most authentic way.,Content Creators,Fanblast Content Creators startup website,13.0,0.0,775.0,500.0,1,€,1400000.0,€,1400000.0,1.13,historical,1.13,1400000.0,1400000.0,4,11,1,communication_services,2.6390573296152584,0.0,6.654152520183219,6.2166061010848646,14.151983508870947,0.0,2.4849066497880004,1.6094379124341003
Triviar,2020-05-07,"Oldenburg, Niedersachsen, Germany",Oldenburg,Niedersachsen,0,0,0,0,0,0,0,0,1,0,0,0,0,0,0,0,Software,Information Technology,0,1,0,0,0,0,0,0,0,0,0,0,0,1-10,1,"€730,000",Seed,2021-12-23,"€730,000",1.0,0.0,Our vision is to revolutionize the old model of the 'VHS' in Germany and build the largest platform in Europe for local courses & events.,Software,Triviar Software startup website,0.0,0.0,378.0,500.0,1,€,730000.0,€,730000.0,1.13,historical,1.13,730000.0,730000.0,4,19,2,information_technology,0.0,0.0,5.937536205082426,6.2166061010848646,13.500801182986649,0.0,2.995732273553991,1.6094379124341003
PULT,2021-03-01,"Hamburg, Hamburg, Germany",Hamburg,Hamburg,0,0,0,0,0,1,0,0,0,0,0,0,0,0,0,0,"Enterprise Software, Human Resources,,",Information Technology,0,1,0,0,0,0,0,0,0,0,0,0,0,11-50,1,0.0,Pre-Seed,2022-01-01,0.0,0.0,3.0,"PULT helps modern companies run their office management on autopilot - from desk booking, to room booking, and visitor management.",Enterprise Software,PULT Enterprise Software startup website,44.0,0.0,1000.0,500.0,1,0.0,0.0,0.0,0.0,1.14,historical,1.14,0.0,0.0,3,10,1,information_technology,3.8066624897703196,0.0,6.90875477931522,6.2166061010848646,0.0,1.3862943611198906,2.3978952727983707,1.3862943611198906
Shiawa,2021-01-01,"Stuttgart, Baden-Wurttemberg,",Stuttgart,Baden-Wurttemberg,1,0,0,0,0,0,0,0,0,0,0,0,0,0,0,0,"Apps, Mobile Apps, Software",Information Technology,0,1,0,0,0,0,0,0,0,0,0,0,0,1-10,1,0.0,Pre-Seed,2022-01-01,0.0,1.0,0.0,"SHIAWA GmbH offers web-based solutions for office management, including desk booking and meeting organization.",Apps,Shiawa Apps startup website,0.0,0.0,481.0,0.0,0,0.0,0.0,0.0,0.0,1.14,historical,1.14,0.0,0.0,4,11,1,information_technology,0.0,0.0,6.1779441140506,0.0,0.0,0.0,2.4849066497880004,1.6094379124341003
Deep LS,2021-11-26,"Limburg, Hessen, Germany",Limburg,Hessen,0,0,0,0,0,0,1,0,0,0,0,0,0,0,0,0,"AI, Bioinformatics,,,,",Information Technology,0,1,0,0,0,0,0,0,0,0,0,0,0,1-10,1,0.0,Pre-Seed,2022-01-01,0.0,0.0,0.0,"ML, AI, Drug Discovery",AI,Deep LS AI startup website,0.0,0.0,1000000.0,500.0,1,0.0,0.0,0.0,0.0,1.14,historical,1.14,0.0,0.0,3,1,1,information_technology,0.0,0.0,13.815511557963774,6.2166061010848646,0.0,0.0,0.6931471805599453,1.3862943611198906
Phaina,2022-01-01,"Bielefeld, Nordrhein-Westfalen,",Bielefeld,Nordrhein-Westfalen,0,0,0,0,0,0,0,0,0,1,0,0,0,0,0,0,"AI, SaaS",Information Technology,0,1,0,0,0,0,0,0,0,0,0,0,0,1-10,1,0.0,Seed,2022-01-01,0.0,1.0,0.0,"SaaS, Buying advice improvement, Expert knowledge and AI,",AI,Phaina AI startup website,0.0,0.0,726.0,500.0,1,0.0,0.0,0.0,0.0,1.14,historical,1.14,0.0,0.0,3,0,2,information_technology,0.0,0.0,6.588926477533519,6.2166061010848646,0.0,0.0,0.0,1.3862943611198906
basenode.io,2021-01-01,"Berlin, Berlin, Germany",Berlin,Berlin,0,0,1,0,0,0,0,0,0,0,0,0,0,0,0,0,"Accounting, Cryptocurrency",Financials,0,0,0,0,1,0,0,0,0,0,0,0,0,1-10,2,"€250,000",Pre-Seed,2022-01-10,"€250,000",1.0,1.0,"SaaS, WebApp, Crypto Payments, Accounting",Accounting,basenode.io Accounting startup website,325.0,0.0,0.0,0.0,0,€,250000.0,€,250000.0,1.14,historical,1.14,250000.0,250000.0,4,12,1,financials,5.786897381366708,0.0,0.0,0.0,12.429220196836383,0.6931471805599453,2.5649493574615367,1.6094379124341003
drillstars,2021-02-04,"Munich, Bayern, Germany",Munich,Bayern,0,1,0,0,0,0,0,0,0,0,0,0,0,0,0,0,"AI, Information Technology,,,",Information Technology,0,1,0,0,0,0,0,0,0,0,0,0,0,101-250,1,0.0,Seed,2022-01-12,0.0,0.0,0.0,drillstars is an AI-based sports coaching platform.,AI,drillstars AI startup website,0.0,711.0,21.0,500.0,1,0.0,0.0,0.0,0.0,1.14,historical,1.14,0.0,0.0,3,11,2,information_technology,0.0,6.568077911411976,3.091042453358316,6.2166061010848646,0.0,0.0,2.4849066497880004,1.3862943611198906
Achiefy,2021-12-15,"Leipzig, Sachsen, Germany",Leipzig,Sachsen,0,0,0,0,0,0,0,0,0,0,0,0,1,0,0,0,"Blockchain, Cryptocurrency, Gamification,,,",Web3/Blockchain,0,0,0,0,0,0,1,0,0,0,0,0,0,11-50,1,0.0,Seed,2022-01-15,0.0,0.0,0.0,Achiefy is a blockchain platform intended to connect traditional gamers with cryptocurrency.,Blockchain,Achiefy Blockchain startup website,232.0,0.0,0.0,0.0,0,0.0,0.0,0.0,0.0,1.14,historical,1.14,0.0,0.0,3,1,2,web3_blockchain,5.4510384535657,0.0,0.0,0.0,0.0,0.0,0.6931471805599453,1.3862943611198906
score4more,2022-01-07,"Berlin, Berlin, Germany",Berlin,Berlin,0,0,1,0,0,0,0,0,0,0,0,0,0,0,0,0,"AI, B2B,,,,,,",Information Technology,0,1,0,0,0,0,0,0,0,0,0,0,0,11-50,1,"€1,500,000",Pre-Seed,2022-01-16,"€1,500,000",0.0,1.0,"Transformation Platform, Data Platform, Impact, Sustainability Profiles, Scoring, Benchmarking, Solutions, ESG Data",AI,score4more AI startup website,0.0,0.0,1000.0,500.0,1,€,1500000.0,€,1500000.0,1.14,historical,1.14,1500000.0,1500000.0,3,0,1,information_technology,0.0,0.0,6.90875477931522,6.2166061010848646,14.220976332738882,0.6931471805599453,0.0,1.3862943611198906
dstack,2022-01-01,"Munich, Bayern, Germany",Munich,Bayern,0,1,0,0,0,0,0,0,0,0,0,0,0,0,0,0,"AI, Cloud Data Services,",Information Technology,0,1,0,0,0,0,0,0,0,0,0,0,0,1-10,1,0.0,Pre-Seed,2022-01-18,0.0,1.0,3.0,dstack is an open-source tool that enables defining ML workflows as code.,AI,dstack AI startup website,803.0,0.0,0.0,0.0,0,0.0,0.0,0.0,0.0,1.14,historical,1.14,0.0,0.0,3,0,1,information_technology,6.6895992691789665,0.0,0.0,0.0,0.0,1.3862943611198906,0.0,1.3862943611198906
Alaiko,2020-03-23,"Munich, Bayern, Germany",Munich,Bayern,0,1,0,0,0,0,0,0,0,0,0,0,0,0,0,0,"E-Commerce, Logistics, Software",Consumer Discretionary,0,0,0,0,0,1,0,0,0,0,0,0,0,51-100,1,"$30,000,000",Series A,2022-01-18,"$30,000,000",3.0,4.0,Enabling e-commerce shops via a world class logistic-as-a-service platform.,E-Commerce,Alaiko E-Commerce startup website,0.0,225.0,4000.0,500.0,1,$,30000000.0,$,30000000.0,1.14,historical,1.14,34200000.0,34200000.0,4,21,3,consumer_discretionary,0.0,5.420534999272286,8.294299608857235,6.2166061010848646,17.3477362312726,1.6094379124341003,3.091042453358316,1.6094379124341003
melon,2020-02-14,"München, Bayern, Germany",München,Bayern,0,1,0,0,0,0,0,0,0,0,0,0,0,0,0,0,"Apps, Food and Beverage, Marketplace,",Information Technology,0,1,0,0,0,0,0,0,0,0,0,0,0,1-10,1,"€1,000,000",Seed,2022-01-20,"€1,000,000",0.0,0.0,"melon is an online community marketplace for people to share, book and build genuine connections via plant-based food.",Apps,melon Apps startup website,445.0,0.0,2000.0,500.0,1,€,1000000.0,€,1000000.0,1.13,historical,1.13,1000000.0,1000000.0,4,23,2,information_technology,6.100318952020064,0.0,7.601402334583733,6.2166061010848646,13.815511557963774,0.0,3.1780538303479458,1.6094379124341003